Station,Record Number,Amex,Discover,Gales,MC,Visa,Debit,Other
Martindale,2019-09-01-1,0.00,0.00,160.00,742.72,1271.29,1675.41,0.00
Martindale,2019-09-01-2,41.20,0.00,64.50,717.04,778.10,1063.28,0.00
Martindale,2019-09-02-1,122.13,0.00,76.75,445.09,1350.94,1253.17,0.00
Martindale,2019-09-02-2,113.39,0.00,0.00,610.23,1299.81,1537.10,0.00
Martindale,2019-09-03-1,149.00,0.00,473.48,960.35,1782.11,2203.42,2.00
Martindale,2019-09-03-2,271.86,0.00,131.90,914.67,2036.99,2052.38,0.00
Martindale,2019-09-04-1,82.52,0.00,704.38,842.21,1526.47,2385.81,0.00
Martindale,2019-09-04-2,239.03,0.00,686.49,1101.81,1178.38,2311.48,-17.00
Martindale,2019-09-05-1,93.00,0.00,1037.74,1015.45,1988.94,2688.54,0.00
Martindale,2019-09-05-2,0.00,0.00,360.18,948.32,1820.68,1850.91,0.00
Martindale,2019-09-06-1,0.00,0.00,677.77,1119.65,1946.30,2416.83,0.00
Martindale,2019-09-06-2,42.01,0.00,438.81,966.68,1194.73,2954.14,0.00
Martindale,2019-09-07-1,0.00,0.00,637.94,930.26,1913.71,1909.69,0.00
Martindale,2019-09-07-2,53.33,0.00,81.85,676.78,1552.76,1375.91,0.00
Martindale,2019-09-08-1,167.38,0.00,202.28,1111.88,1740.29,1911.35,0.00
Martindale,2019-09-08-2,126.80,0.00,0.00,796.62,543.21,1368.94,0.00
Martindale,2019-09-09-1,105.98,0.00,643.63,476.57,1379.79,2098.50,0.00
Martindale,2019-09-09-2,42.55,0.00,95.55,1172.86,1722.17,1878.67,0.00
Martindale,2019-09-10-1,50.00,0.00,577.55,975.76,1949.02,1918.24,0.00
Martindale,2019-09-10-2,198.52,0.00,139.00,1227.75,1674.21,2683.89,0.00
Martindale,2019-09-11-1,23.91,0.00,497.58,776.07,1327.03,1654.65,-2.00
Martindale,2019-09-11-2,75.75,0.00,1087.82,715.63,1990.27,2596.79,14.00
Martindale,2019-09-12-1,128.13,0.00,489.23,1436.34,2466.92,2314.52,0.00
Martindale,2019-09-12-2,47.99,0.00,627.88,829.84,2523.23,3442.89,0.00
Martindale,2019-09-13-1,156.26,0.00,1140.29,1049.36,2011.47,2407.45,-20.00
Martindale,2019-09-13-2,100.96,0.00,510.59,1409.18,1310.49,3666.59,0.00
Martindale,2019-09-14-1,75.00,0.00,481.97,1149.03,1686.41,2366.63,0.00
Martindale,2019-09-14-2,0.00,0.00,275.55,559.59,1447.05,2193.25,0.00
Martindale,2019-09-15-1,115.00,0.00,818.39,1182.40,1584.18,1562.89,-5.00
Martindale,2019-09-15-2,187.20,0.00,112.54,394.14,1074.12,1369.98,0.00
Martindale,2019-09-16-1,179.43,0.00,655.81,703.73,2447.75,1973.25,-10.00
Martindale,2019-09-16-2,131.22,0.00,340.00,1374.05,1643.24,2707.60,0.00
Martindale,2019-09-17-1,110.28,0.00,1405.58,1136.85,1717.57,2078.99,0.00
Martindale,2019-09-17-2,138.72,0.00,475.50,1199.38,2342.66,2524.13,0.00
Martindale,2019-09-18-1,189.77,0.00,1194.85,838.98,2456.54,2014.72,-12.00
Martindale,2019-09-18-2,61.26,0.00,208.96,1267.95,1632.11,2949.28,0.00
Martindale,2019-09-19-1,44.43,0.00,576.18,911.32,1896.13,2980.56,0.00
Martindale,2019-09-19-2,127.05,0.00,538.00,811.44,1819.30,2882.26,0.00
Martindale,2019-09-20-1,0.00,0.00,563.02,978.87,2159.81,2312.46,0.00
Martindale,2019-09-20-2,0.00,0.00,991.53,982.24,1418.63,2902.85,0.00
Martindale,2019-09-21-1,73.63,0.00,428.50,1116.86,1874.66,2047.98,0.00
Martindale,2019-09-21-2,0.00,0.00,100.12,766.97,757.16,2020.66,-4.00
Martindale,2019-09-22-1,88.88,0.00,104.61,608.04,1129.62,1213.45,-9.00
Martindale,2019-09-22-2,0.00,0.00,79.00,691.03,1622.52,2059.15,0.00
Martindale,2019-09-23-1,0.00,0.00,683.99,375.81,1960.01,2594.37,0.00
Martindale,2019-09-23-2,182.26,0.00,245.81,1174.41,1491.43,2165.16,0.00
Martindale,2019-09-24-1,77.50,0.00,757.05,1620.25,2174.87,1735.57,0.00
Martindale,2019-09-24-2,20.00,0.00,306.40,811.93,1584.42,2074.18,0.00
Martindale,2019-09-25-1,0.00,0.00,1277.59,756.87,2175.19,3054.44,6.00
Martindale,2019-09-25-2,0.00,0.00,581.85,634.60,1970.01,2722.68,0.00
Martindale,2019-09-26-1,66.94,0.00,927.69,1174.17,1918.14,2760.64,0.00
Martindale,2019-09-26-2,0.00,0.00,682.33,1259.95,959.63,2229.65,0.00
Martindale,2019-09-27-1,50.00,0.00,610.46,859.79,2269.69,2583.88,-1.00
Martindale,2019-09-27-2,135.62,0.00,725.29,911.37,1777.25,2951.70,0.00
Martindale,2019-09-28-1,275.11,0.00,556.68,1249.50,1921.25,1959.43,0.00
Martindale,2019-09-28-2,97.04,0.00,78.00,585.65,1313.13,1447.88,-5.00
Martindale,2019-09-29-1,98.86,0.00,145.20,540.78,1412.25,1459.67,0.00
Martindale,2019-09-29-2,108.42,0.00,62.73,716.96,1426.03,1866.04,0.00
Martindale,2019-09-30-1,132.98,0.00,379.94,1329.68,1250.79,2776.06,6.00
Martindale,2019-09-30-2,0.00,0.00,337.56,1022.15,2257.34,2906.25,0.00
Martindale,2019-10-01-1,0.00,0.00,1211.31,1073.88,2100.63,2605.99,0.00
Martindale,2019-10-01-2,0.00,0.00,231.42,1067.02,2000.32,3246.62,0.00
Bridge,2019-09-01-1,30.00,0.00,0.00,534.32,654.90,971.49,0.25
Bridge,2019-09-01-2,20.00,0.00,0.00,429.50,265.85,573.25,0.00
Bridge,2019-09-02-1,58.00,0.00,41.02,193.26,598.36,1165.34,0.25
Bridge,2019-09-02-2,0.00,0.00,29.00,176.50,433.00,709.18,0.00
Bridge,2019-09-03-1,50.00,0.00,203.01,273.02,327.08,936.53,15.00
Bridge,2019-09-03-2,30.00,0.00,115.00,176.00,369.85,1551.31,0.00
Bridge,2019-09-04-1,0.00,0.00,210.00,556.00,425.50,918.90,0.00
Bridge,2019-09-04-2,91.01,0.00,88.00,72.00,410.02,1622.14,0.25
Bridge,2019-09-05-1,0.00,0.00,138.50,519.15,261.00,1007.60,0.00
Bridge,2019-09-05-2,0.00,0.00,0.00,274.00,156.01,936.96,0.25
Bridge,2019-09-06-1,45.00,0.00,232.00,258.50,553.00,1005.25,0.00
Bridge,2019-09-06-2,0.00,0.00,0.00,217.00,212.50,1116.77,0.25
Bridge,2019-09-07-1,20.00,0.00,310.50,494.50,317.67,1420.88,0.00
Bridge,2019-09-07-2,20.00,0.00,204.86,197.37,290.50,900.04,0.00
Bridge,2019-09-08-1,65.92,0.00,151.50,220.01,564.68,752.17,0.25
Bridge,2019-09-08-2,0.00,30.00,0.00,323.00,350.40,717.47,0.00
Bridge,2019-09-09-1,79.37,0.00,262.20,563.39,583.50,1430.37,0.25
Bridge,2019-09-09-2,50.00,0.00,37.50,305.01,294.77,994.80,0.25
Bridge,2019-09-10-1,0.00,0.00,168.46,493.26,520.40,1257.79,0.00
Bridge,2019-09-10-2,0.00,0.00,0.00,69.54,227.50,1099.70,0.00
Bridge,2019-09-11-1,54.00,0.00,175.00,261.06,479.00,1175.61,0.00
Bridge,2019-09-11-2,0.00,0.00,0.00,255.00,239.01,1020.02,0.25
Bridge,2019-09-12-1,45.50,0.00,237.00,361.00,676.00,1178.50,0.25
Bridge,2019-09-12-2,0.00,0.00,129.00,261.00,134.00,1133.90,0.00
Bridge,2019-09-13-1,245.00,0.00,456.50,507.25,407.00,1190.82,0.00
Bridge,2019-09-13-2,0.00,0.00,0.00,482.01,535.02,909.48,0.00
Bridge,2019-09-14-1,0.00,0.00,0.00,362.18,450.68,1255.52,0.00
Bridge,2019-09-14-2,37.67,27.30,0.00,112.46,334.50,811.49,0.25
Bridge,2019-09-15-1,0.00,39.70,75.00,302.04,422.23,1160.13,2.35
Bridge,2019-09-15-2,0.00,0.00,0.00,125.00,500.41,834.00,0.00
Bridge,2019-09-16-1,80.00,0.00,128.23,437.99,1016.69,1597.36,0.00
Bridge,2019-09-16-2,0.00,0.00,91.00,224.53,45.00,896.89,0.25
Bridge,2019-09-17-1,0.00,0.00,133.41,353.78,893.22,1163.40,0.25
Bridge,2019-09-17-2,0.00,0.00,0.00,505.15,288.00,878.00,0.25
Bridge,2019-09-18-1,0.00,0.00,275.00,388.00,259.25,1057.35,3.25
Bridge,2019-09-18-2,0.00,0.00,214.00,356.01,351.01,566.01,5.25
Bridge,2019-09-19-1,34.00,0.00,112.50,255.00,515.10,1328.24,0.25
Bridge,2019-09-19-2,45.10,0.00,98.01,270.26,518.06,1357.28,0.25
Bridge,2019-09-20-1,30.00,0.00,185.00,315.00,513.00,1856.72,0.25
Bridge,2019-09-20-2,40.00,0.00,55.71,195.40,385.39,1302.64,0.00
Bridge,2019-09-21-1,33.40,0.00,43.42,387.01,444.34,1415.71,0.00
Bridge,2019-09-21-2,0.00,0.00,22.00,173.93,329.00,809.75,0.25
Bridge,2019-09-22-1,0.00,0.00,39.66,577.63,391.06,1277.56,0.00
Bridge,2019-09-22-2,0.00,0.00,0.00,313.83,523.84,1160.78,0.00
Bridge,2019-09-23-1,130.00,0.00,155.50,361.32,657.55,1611.18,0.00
Bridge,2019-09-23-2,54.25,0.00,58.00,421.25,180.25,1265.84,0.25
Bridge,2019-09-24-1,41.44,0.00,154.48,191.26,515.31,793.63,0.00
Bridge,2019-09-24-2,30.00,0.00,0.00,197.82,422.01,1017.58,0.25
Bridge,2019-09-25-1,0.00,0.00,296.00,458.00,357.72,1275.00,0.25
Bridge,2019-09-25-2,0.00,0.00,170.00,451.82,522.53,887.01,0.25
Bridge,2019-09-26-1,0.00,0.00,329.30,239.50,513.26,1108.00,0.00
Bridge,2019-09-26-2,0.00,0.00,80.00,397.07,146.01,873.50,0.00
Bridge,2019-09-27-1,0.00,0.00,212.00,313.00,587.00,1273.00,0.00
Bridge,2019-09-27-2,0.00,0.00,50.00,70.00,826.77,1369.10,0.00
Bridge,2019-09-28-1,38.00,0.00,40.00,199.40,630.90,1160.98,0.00
Bridge,2019-09-28-2,0.00,0.00,0.00,120.00,242.50,947.00,0.25
Bridge,2019-09-29-1,10.00,0.00,0.00,730.14,282.30,1464.30,0.00
Bridge,2019-09-29-2,0.00,0.00,0.00,245.49,329.52,910.50,0.00
Bridge,2019-09-30-1,99.30,0.00,114.00,272.14,954.99,961.02,0.00
Bridge,2019-09-30-2,0.00,0.00,167.29,40.00,148.01,1120.45,0.00
Bridge,2019-10-01-1,0.00,0.00,68.99,738.70,391.42,1031.32,0.25
Bridge,2019-10-01-2,47.00,0.00,0.00,138.01,268.31,498.00,0.00
Chippawa Store,2019-09-01-1,80.00,0.00,746.17,734.82,1582.64,3066.34,1.00
Chippawa Store,2019-09-01-2,0.00,0.00,237.65,571.51,920.20,2398.75,0.00
Chippawa Store,2019-09-01-3,47.12,0.00,347.09,108.94,50.00,421.67,0.00
Chippawa Store,2019-09-02-1,92.50,0.00,785.11,1136.68,1377.39,2970.01,0.00
Chippawa Store,2019-09-02-2,74.82,0.00,218.58,642.71,998.72,2889.98,0.00
Chippawa Store,2019-09-02-3,0.00,0.00,610.70,361.00,140.86,607.44,0.00
Chippawa Store,2019-09-03-1,75.00,0.00,883.82,969.05,581.74,2628.80,20.00
Chippawa Store,2019-09-03-2,114.50,0.00,91.11,942.14,775.57,1441.74,0.00
Chippawa Store,2019-09-03-3,0.00,0.00,381.65,37.68,103.07,755.68,0.00
Chippawa Store,2019-09-04-1,0.00,0.00,1478.47,760.31,1218.60,2186.22,0.00
Chippawa Store,2019-09-04-2,0.00,0.00,488.36,455.87,814.49,1676.13,0.00
Chippawa Store,2019-09-04-3,50.00,0.00,585.66,400.90,89.75,1012.33,0.00
Chippawa Store,2019-09-05-1,81.12,0.00,1493.27,708.36,1225.72,1595.51,0.00
Chippawa Store,2019-09-05-2,234.89,0.00,840.18,370.87,879.50,3340.74,0.00
Chippawa Store,2019-09-05-3,0.00,0.00,298.54,46.23,79.31,109.15,0.00
Chippawa Store,2019-09-06-1,47.82,0.00,1843.04,954.29,908.95,3484.37,0.00
Chippawa Store,2019-09-06-2,48.46,0.00,501.68,859.71,1005.32,2784.65,0.00
Chippawa Store,2019-09-06-3,0.00,0.00,366.90,139.41,29.25,801.61,0.00
Chippawa Store,2019-09-07-1,36.77,0.00,589.01,729.04,1245.08,2748.52,-3.00
Chippawa Store,2019-09-07-2,40.35,0.00,256.14,644.51,964.56,2203.56,-24.00
Chippawa Store,2019-09-07-3,0.00,0.00,254.77,0.00,49.58,747.12,0.00
Chippawa Store,2019-09-08-1,0.00,0.00,790.23,926.84,1349.37,2474.64,0.00
Chippawa Store,2019-09-08-2,80.76,0.00,519.23,564.81,607.60,2622.71,3.51
Chippawa Store,2019-09-08-3,0.00,0.00,385.31,156.47,57.71,745.26,0.00
Chippawa Store,2019-09-09-1,141.39,0.00,646.80,435.27,1148.93,2171.38,-3.00
Chippawa Store,2019-09-09-2,59.47,0.00,305.83,609.21,1271.81,2119.34,0.00
Chippawa Store,2019-09-09-3,0.00,0.00,457.39,85.58,15.15,657.09,0.00
Chippawa Store,2019-09-10-1,119.70,0.00,1191.14,1126.49,464.82,3003.19,-7.00
Chippawa Store,2019-09-10-2,0.00,0.00,560.55,441.33,894.33,2255.85,0.00
Chippawa Store,2019-09-10-3,0.00,0.00,263.41,69.63,141.40,686.69,0.00
Chippawa Store,2019-09-11-1,0.00,0.00,1108.80,291.18,865.07,2288.92,0.00
Chippawa Store,2019-09-11-2,85.00,0.00,807.65,348.96,889.10,2400.97,0.00
Chippawa Store,2019-09-11-3,0.00,0.00,666.19,102.80,102.79,660.72,0.00
Chippawa Store,2019-09-12-1,0.00,0.00,1112.27,626.32,1030.90,1917.93,0.00
Chippawa Store,2019-09-12-2,134.91,0.00,102.36,782.85,904.53,2548.20,-6.00
Chippawa Store,2019-09-12-3,0.00,0.00,450.15,5.74,0.00,797.04,0.00
Chippawa Store,2019-09-13-1,140.28,0.00,1203.44,757.16,1451.58,2900.34,-3.00
Chippawa Store,2019-09-13-2,75.92,0.00,351.23,782.43,877.47,3124.50,0.00
Chippawa Store,2019-09-13-3,0.00,0.00,354.96,119.24,112.59,711.82,0.00
Chippawa Store,2019-09-14-1,51.00,0.00,769.94,954.19,1388.19,3021.25,-5.00
Chippawa Store,2019-09-14-2,31.12,0.00,300.59,1166.59,932.50,2552.98,0.00
Chippawa Store,2019-09-14-3,0.00,0.00,291.64,90.97,148.62,388.31,0.00
Chippawa Store,2019-09-15-1,0.00,0.00,870.72,691.30,1384.84,2726.09,-5.00
Chippawa Store,2019-09-15-2,30.00,0.00,484.42,618.56,998.57,2671.28,-4.00
Chippawa Store,2019-09-15-3,0.00,0.00,401.12,413.40,147.67,615.47,0.00
Chippawa Store,2019-09-16-1,0.00,0.00,831.42,251.97,308.03,1075.86,0.00
Chippawa Store,2019-09-16-2,40.00,0.00,238.65,290.75,903.64,976.22,0.00
Chippawa Store,2019-09-16-3,0.00,0.00,334.32,785.38,1011.49,2299.60,0.00
Chippawa Store,2019-09-16-4,30.00,0.00,279.82,148.75,200.04,665.58,0.00
Chippawa Store,2019-09-17-1,15.93,0.00,1289.46,798.13,1143.25,2167.45,0.00
Chippawa Store,2019-09-17-2,30.00,0.00,992.62,385.61,1085.87,2452.17,0.00
Chippawa Store,2019-09-17-3,0.00,0.00,0.00,668.68,133.79,999.75,0.00
Chippawa Store,2019-09-18-1,25.25,0.00,1542.76,885.64,1200.78,2608.85,0.00
Chippawa Store,2019-09-18-2,67.57,0.00,769.03,419.07,1013.58,1936.23,-3.00
Chippawa Store,2019-09-18-3,0.00,0.00,373.29,105.55,185.12,755.61,0.00
Chippawa Store,2019-09-19-1,0.00,0.00,1020.61,158.57,249.96,1645.35,0.00
Chippawa Store,2019-09-19-2,40.00,0.00,966.64,712.75,717.65,2477.83,0.00
Chippawa Store,2019-09-19-3,0.00,0.00,663.45,182.53,160.66,1326.74,0.00
Chippawa Store,2019-09-20-1,30.00,0.00,1721.33,587.07,1588.06,3512.92,-5.00
Chippawa Store,2019-09-20-2,59.04,0.00,178.03,506.46,1279.31,3138.23,-21.00
Chippawa Store,2019-09-20-3,0.00,0.00,468.41,103.43,294.42,733.05,0.00
Chippawa Store,2019-09-21-1,0.00,0.00,955.52,608.66,1116.95,3239.91,-4.00
Chippawa Store,2019-09-21-2,94.00,0.00,179.08,580.76,778.81,2989.86,0.00
Chippawa Store,2019-09-21-3,0.00,0.00,244.21,50.01,18.44,879.10,0.00
Chippawa Store,2019-09-22-1,0.00,0.00,514.93,1128.13,987.77,3687.74,-18.00
Chippawa Store,2019-09-22-2,0.00,0.00,543.75,1044.52,880.43,2761.13,0.00
Chippawa Store,2019-09-22-3,0.00,0.00,547.84,365.51,245.02,733.61,0.00
Chippawa Store,2019-09-23-1,0.00,0.00,458.96,19.98,342.79,1203.44,0.00
Chippawa Store,2019-09-23-2,54.78,0.00,349.54,469.96,605.96,1038.38,0.00
Chippawa Store,2019-09-23-3,0.00,0.00,438.11,398.07,608.85,1947.88,0.00
Chippawa Store,2019-09-23-4,0.00,0.00,265.75,170.42,8.44,644.77,0.00
Chippawa Store,2019-09-24-1,93.23,0.00,1265.74,586.71,1145.97,1853.90,3.00
Chippawa Store,2019-09-24-2,102.87,0.00,701.91,543.06,823.25,2078.81,0.00
Chippawa Store,2019-09-24-3,0.00,0.00,425.05,7.88,67.30,1234.39,0.00
Chippawa Store,2019-09-25-1,0.00,0.00,1094.26,273.03,773.31,2336.39,0.00
Chippawa Store,2019-09-25-2,93.56,0.00,223.45,859.30,1023.92,2401.46,0.00
Chippawa Store,2019-09-25-3,0.00,0.00,561.36,20.00,16.26,466.73,0.00
Chippawa Store,2019-09-26-1,43.78,0.00,1284.04,322.48,411.17,1694.91,0.00
Chippawa Store,2019-09-26-2,0.00,0.00,917.14,484.26,1348.52,3653.16,0.00
Chippawa Store,2019-09-26-3,0.00,0.00,458.76,68.25,30.58,760.51,8.25
Chippawa Store,2019-09-27-1,79.19,0.00,1307.57,745.10,1310.10,2960.83,-1.00
Chippawa Store,2019-09-27-2,0.00,0.00,438.21,765.97,917.21,3746.19,0.00
Chippawa Store,2019-09-27-3,0.00,0.00,449.18,0.00,51.93,594.41,0.00
Chippawa Store,2019-09-28-1,0.00,0.00,1102.83,686.90,953.95,2551.15,0.00
Chippawa Store,2019-09-28-2,36.02,0.00,293.82,247.05,413.03,1871.84,-20.00
Chippawa Store,2019-09-28-3,0.00,0.00,348.51,18.34,266.15,572.34,0.00
Chippawa Store,2019-09-29-1,124.15,0.00,874.67,825.21,539.22,3325.78,0.00
Chippawa Store,2019-09-29-2,85.98,0.00,960.79,540.97,591.61,2655.79,16.00
Chippawa Store,2019-09-30-1,0.00,0.00,0.00,31.00,0.00,291.27,0.00
Chippawa Store,2019-09-30-2,0.00,0.00,327.24,672.44,696.93,2979.56,-2.00
Chippawa Store,2019-09-30-3,0.00,0.00,316.74,79.93,77.03,1011.00,0.00
Chippawa Store,2019-10-01-1,0.00,0.00,1334.16,763.56,1345.35,2636.79,0.00
Chippawa Store,2019-10-01-2,66.35,0.00,652.83,404.49,727.50,2128.08,3.00
Chippawa Store,2019-10-01-3,0.00,0.00,407.03,148.51,155.69,914.61,0.00
Drummond,2019-09-01-1,0.00,0.00,65.00,451.52,167.00,963.65,0.00
Drummond,2019-09-01-2,52.00,0.00,112.00,114.00,155.00,656.50,0.00
Drummond,2019-09-02-1,0.00,0.00,0.00,154.50,287.50,899.01,0.25
Drummond,2019-09-02-2,0.00,0.00,59.00,294.50,191.00,616.67,0.00
Drummond,2019-09-03-1,0.00,0.00,913.28,87.00,470.50,1224.98,0.25
Drummond,2019-09-03-2,0.00,0.00,433.85,162.09,222.00,1396.17,0.00
Drummond,2019-09-04-1,80.00,0.00,540.82,418.00,506.18,847.59,0.25
Drummond,2019-09-04-2,40.00,0.00,184.60,302.00,354.23,664.84,0.00
Drummond,2019-09-05-1,0.00,0.00,1070.02,205.00,611.01,1262.67,0.25
Drummond,2019-09-05-2,0.00,0.00,278.80,342.00,260.41,1066.03,0.00
Drummond,2019-09-06-1,0.00,0.00,774.00,331.00,549.75,1255.00,0.00
Drummond,2019-09-06-2,0.00,0.00,76.00,310.17,185.00,1000.72,0.25
Drummond,2019-09-07-1,98.00,0.00,238.01,490.00,412.50,1157.44,0.00
Drummond,2019-09-07-2,0.00,0.00,20.00,249.29,41.00,781.31,0.25
Drummond,2019-09-08-1,51.00,0.00,131.00,109.93,473.00,1250.00,0.00
Drummond,2019-09-08-2,45.01,0.00,0.00,174.03,489.41,895.66,0.25
Drummond,2019-09-09-1,0.00,0.00,809.00,215.00,413.75,1118.50,0.00
Drummond,2019-09-09-2,0.00,0.00,322.52,188.75,415.27,1152.97,0.25
Drummond,2019-09-10-1,0.00,0.00,1022.00,527.50,391.00,1273.25,0.00
Drummond,2019-09-10-2,0.00,0.00,686.00,221.00,324.75,1128.75,0.00
Drummond,2019-09-11-1,0.00,0.00,477.00,370.69,257.90,1444.10,0.00
Drummond,2019-09-11-2,52.00,0.00,277.34,209.00,67.30,666.15,0.00
Drummond,2019-09-12-1,40.00,0.00,830.00,426.50,514.00,1155.03,0.00
Drummond,2019-09-12-2,0.00,0.00,248.64,204.97,463.54,1382.52,0.00
Drummond,2019-09-13-1,0.00,0.00,470.67,391.50,270.48,1802.18,0.25
Drummond,2019-09-13-2,40.00,0.00,305.12,226.50,408.85,724.00,0.25
Drummond,2019-09-14-1,151.01,0.00,461.00,183.00,571.26,1874.54,0.25
Drummond,2019-09-14-2,0.00,0.00,424.86,179.00,116.65,1033.50,0.25
Drummond,2019-09-15-1,0.00,0.00,213.00,227.97,233.03,1254.00,0.25
Drummond,2019-09-15-2,0.00,0.00,186.00,330.75,308.02,823.01,0.25
Drummond,2019-09-16-1,125.50,0.00,761.63,245.00,658.37,1048.00,0.00
Drummond,2019-09-16-2,0.00,0.00,30.00,438.57,457.01,950.77,0.25
Drummond,2019-09-17-1,0.00,0.00,580.00,395.15,576.00,1201.00,0.25
Drummond,2019-09-17-2,0.00,0.00,55.00,739.55,653.90,1530.76,0.00
Drummond,2019-09-18-1,0.00,0.00,556.00,355.00,198.00,1091.00,0.00
Drummond,2019-09-18-2,0.00,0.00,187.50,604.30,189.05,787.85,0.25
Drummond,2019-09-19-1,0.00,0.00,702.00,301.50,396.27,1770.75,0.00
Drummond,2019-09-19-2,138.46,0.00,487.14,331.40,452.46,1416.06,0.00
Drummond,2019-09-20-1,0.00,0.00,564.00,514.26,323.85,1922.27,0.00
Drummond,2019-09-20-2,0.00,0.00,360.91,237.02,354.50,1595.08,0.00
Drummond,2019-09-21-1,0.00,0.00,272.01,358.77,657.33,1572.56,0.00
Drummond,2019-09-21-2,0.00,0.00,160.54,235.00,340.77,1085.43,0.25
Drummond,2019-09-22-1,62.00,0.00,25.00,294.82,182.42,939.57,0.00
Drummond,2019-09-22-2,0.00,0.00,191.97,135.50,125.00,799.60,0.25
Drummond,2019-09-23-1,72.50,0.00,808.00,391.25,558.00,1126.75,0.00
Drummond,2019-09-23-2,103.00,0.00,53.00,225.00,369.00,1244.75,0.00
Drummond,2019-09-24-1,96.00,0.00,566.00,162.04,718.00,1583.09,0.00
Drummond,2019-09-24-2,69.00,0.00,477.05,630.35,293.00,1770.78,0.25
Drummond,2019-09-25-1,0.00,0.00,608.00,467.00,443.00,1251.50,0.00
Drummond,2019-09-25-2,0.00,0.00,197.00,544.81,528.84,919.00,0.00
Drummond,2019-09-26-1,0.00,0.00,815.15,574.75,328.25,1246.75,0.00
Drummond,2019-09-26-2,20.00,0.00,89.00,470.37,512.58,1435.03,0.25
Drummond,2019-09-27-1,0.00,0.00,1007.17,508.00,288.00,1453.00,0.25
Drummond,2019-09-27-2,49.00,0.00,246.00,355.30,110.50,1197.31,0.00
Drummond,2019-09-28-1,0.00,0.00,310.00,178.01,299.06,1569.03,0.25
Drummond,2019-09-28-2,0.00,0.00,234.00,170.00,236.00,600.58,0.25
Drummond,2019-09-29-1,65.00,0.00,80.00,49.00,300.15,1069.60,0.00
Drummond,2019-09-29-2,20.00,0.00,0.00,149.50,188.00,474.50,0.00
Drummond,2019-09-30-1,89.00,0.00,1010.50,278.41,442.00,1571.59,0.25
Drummond,2019-09-30-2,40.00,0.00,165.00,157.01,505.51,1114.84,0.25
Drummond,2019-10-01-1,30.00,0.00,659.00,334.00,250.00,1410.61,0.00
Drummond,2019-10-01-2,51.04,0.00,497.29,256.82,377.70,1474.54,0.25
Thorold Stone Full Serve,2019-09-01-1,0.00,50.03,445.08,652.49,1130.09,1332.54,0.25
Thorold Stone Full Serve,2019-09-01-2,60.00,0.00,198.88,429.29,835.06,1516.74,0.25
Thorold Stone Full Serve,2019-09-01-3,0.00,0.00,29.00,84.00,149.00,270.25,0.25
Thorold Stone Full Serve,2019-09-02-1,56.00,0.00,190.37,522.02,1748.69,1667.24,0.25
Thorold Stone Full Serve,2019-09-02-2,40.00,0.00,199.10,512.78,1009.85,1862.39,0.25
Thorold Stone Full Serve,2019-09-02-3,0.00,0.00,207.02,83.00,447.02,587.55,0.25
Thorold Stone Full Serve,2019-09-03-1,73.09,0.00,2517.32,762.06,852.09,2227.22,0.00
Thorold Stone Full Serve,2019-09-03-2,78.10,0.00,306.75,225.50,1152.55,1822.01,0.25
Thorold Stone Full Serve,2019-09-03-3,0.00,0.00,20.00,205.00,60.00,429.75,0.25
Thorold Stone Full Serve,2019-09-04-1,36.00,0.00,2314.09,322.02,1262.82,2038.89,0.25
Thorold Stone Full Serve,2019-09-04-2,0.00,0.00,1176.71,597.11,1459.57,2241.22,0.25
Thorold Stone Full Serve,2019-09-04-3,0.00,0.00,0.00,72.75,40.00,657.00,0.00
Thorold Stone Full Serve,2019-09-05-1,97.65,0.00,2133.69,675.29,1268.77,1981.26,0.00
Thorold Stone Full Serve,2019-09-05-2,182.25,0.00,737.02,852.86,1304.08,1326.30,0.25
Thorold Stone Full Serve,2019-09-05-3,0.00,0.00,91.50,34.00,245.00,642.51,0.00
Thorold Stone Full Serve,2019-09-06-1,107.25,0.00,1790.36,606.27,1925.35,2774.35,0.00
Thorold Stone Full Serve,2019-09-06-2,0.00,0.00,359.07,471.78,1002.31,2916.16,0.25
Thorold Stone Full Serve,2019-09-06-3,0.00,0.00,81.00,177.51,282.50,788.29,0.25
Thorold Stone Full Serve,2019-09-07-1,78.00,0.00,954.55,718.64,855.28,2172.14,0.00
Thorold Stone Full Serve,2019-09-07-2,0.00,0.00,331.37,624.07,1114.88,1829.99,0.00
Thorold Stone Full Serve,2019-09-07-3,0.00,0.00,35.41,105.76,320.66,476.51,0.00
Thorold Stone Full Serve,2019-09-08-1,63.06,0.00,72.00,514.27,1212.01,2143.09,0.25
Thorold Stone Full Serve,2019-09-08-2,63.06,0.00,447.78,309.08,985.66,1759.69,0.00
Thorold Stone Full Serve,2019-09-08-3,0.00,0.00,46.00,152.52,241.25,309.00,0.25
Thorold Stone Full Serve,2019-09-09-1,139.05,0.00,2540.61,506.00,1572.12,1961.62,0.00
Thorold Stone Full Serve,2019-09-09-2,76.03,0.00,564.23,563.32,1123.32,2418.62,0.25
Thorold Stone Full Serve,2019-09-09-3,0.00,0.00,52.01,117.26,320.01,482.16,0.00
Thorold Stone Full Serve,2019-09-10-1,85.00,0.00,1946.55,973.47,1165.86,1986.21,0.25
Thorold Stone Full Serve,2019-09-10-2,0.00,0.00,751.43,650.00,755.60,1696.44,0.00
Thorold Stone Full Serve,2019-09-10-3,65.50,0.00,57.50,0.00,40.00,490.00,0.25
Thorold Stone Full Serve,2019-09-11-1,158.77,0.00,2946.04,1012.77,2095.63,4043.27,13.70
Thorold Stone Full Serve,2019-09-11-2,0.00,0.00,89.29,151.01,202.51,547.26,0.00
Thorold Stone Full Serve,2019-09-12-1,175.00,0.00,1837.73,641.02,1480.38,1287.07,0.00
Thorold Stone Full Serve,2019-09-12-2,0.00,0.00,1088.60,1013.38,1126.11,3287.46,0.00
Thorold Stone Full Serve,2019-09-12-3,0.00,0.00,105.27,114.25,201.27,528.12,1.00
Thorold Stone Full Serve,2019-09-13-1,262.22,0.00,1567.93,977.27,927.52,2792.77,0.25
Thorold Stone Full Serve,2019-09-13-2,0.00,0.00,593.61,338.29,1216.14,2732.10,0.25
Thorold Stone Full Serve,2019-09-13-3,0.00,0.00,0.00,120.00,159.00,280.27,0.00
Thorold Stone Full Serve,2019-09-14-1,0.00,57.50,774.90,428.75,1324.22,2382.45,0.00
Thorold Stone Full Serve,2019-09-14-2,0.00,0.00,313.00,722.54,1327.32,1959.13,0.25
Thorold Stone Full Serve,2019-09-14-3,0.00,0.00,85.25,211.01,108.02,500.69,0.00
Thorold Stone Full Serve,2019-09-15-1,130.03,0.00,82.00,467.75,1279.83,2178.57,0.00
Thorold Stone Full Serve,2019-09-15-2,73.00,0.00,317.27,525.50,1315.36,1591.54,0.25
Thorold Stone Full Serve,2019-09-15-3,0.00,0.00,67.84,110.75,50.50,656.00,0.25
Thorold Stone Full Serve,2019-09-16-1,217.05,22.00,2209.03,626.68,1500.63,1981.02,0.00
Thorold Stone Full Serve,2019-09-16-2,44.00,0.00,594.88,439.84,1120.19,2002.81,0.00
Thorold Stone Full Serve,2019-09-16-3,0.00,0.00,88.00,257.53,65.00,552.96,0.25
Thorold Stone Full Serve,2019-09-17-1,99.03,0.00,2336.13,741.44,1204.38,2326.19,0.00
Thorold Stone Full Serve,2019-09-17-2,123.00,0.00,803.52,892.03,1466.32,2418.57,0.00
Thorold Stone Full Serve,2019-09-17-3,0.00,0.00,0.00,194.25,366.01,542.25,0.25
Thorold Stone Full Serve,2019-09-18-1,36.50,0.00,2093.36,586.16,1411.74,1837.05,0.00
Thorold Stone Full Serve,2019-09-18-2,0.00,0.00,481.53,1439.19,1017.82,1828.78,2.00
Thorold Stone Full Serve,2019-09-18-3,0.00,0.00,170.00,145.50,21.00,455.26,0.25
Thorold Stone Full Serve,2019-09-19-1,53.00,0.00,2072.16,397.27,1468.78,2247.22,0.25
Thorold Stone Full Serve,2019-09-19-2,40.00,0.00,1245.34,914.42,1597.05,1952.55,0.25
Thorold Stone Full Serve,2019-09-19-3,0.00,0.00,145.50,171.00,214.27,493.50,0.00
Thorold Stone Full Serve,2019-09-20-1,87.29,0.00,2244.10,410.29,1037.90,2162.38,0.00
Thorold Stone Full Serve,2019-09-20-2,0.00,0.00,1200.56,584.05,944.79,2450.33,0.00
Thorold Stone Full Serve,2019-09-20-3,0.00,0.00,283.75,91.75,76.25,773.50,0.00
Thorold Stone Full Serve,2019-09-21-1,67.76,0.00,562.80,707.58,1105.60,2300.53,0.00
Thorold Stone Full Serve,2019-09-21-2,80.01,0.00,251.80,283.01,626.43,1891.40,0.00
Thorold Stone Full Serve,2019-09-21-3,0.00,0.00,0.00,258.19,40.87,424.75,0.00
Thorold Stone Full Serve,2019-09-22-1,0.00,0.00,618.52,425.00,929.48,1504.02,0.00
Thorold Stone Full Serve,2019-09-22-2,110.01,0.00,217.18,359.06,829.71,2066.78,0.25
Thorold Stone Full Serve,2019-09-22-3,0.00,0.00,49.01,110.40,67.01,499.42,0.00
Thorold Stone Full Serve,2019-09-23-1,124.75,0.00,2280.46,552.24,1532.13,2252.90,0.25
Thorold Stone Full Serve,2019-09-23-2,97.16,0.00,273.67,520.18,644.32,2124.80,0.25
Thorold Stone Full Serve,2019-09-23-3,0.00,0.00,417.26,203.25,154.50,471.50,0.25
Thorold Stone Full Serve,2019-09-24-1,100.00,0.00,2316.84,401.02,1225.10,2185.00,0.00
Thorold Stone Full Serve,2019-09-24-2,0.00,42.00,886.74,681.03,1404.33,1303.22,0.25
Thorold Stone Full Serve,2019-09-24-3,0.00,0.00,0.00,50.00,216.00,419.00,0.25
Thorold Stone Full Serve,2019-09-25-1,227.15,0.00,2144.07,524.28,1310.59,2218.75,0.00
Thorold Stone Full Serve,2019-09-25-2,0.00,0.00,650.27,476.05,1465.52,2567.09,1.25
Thorold Stone Full Serve,2019-09-25-3,0.00,0.00,0.00,136.00,171.03,563.25,0.25
Thorold Stone Full Serve,2019-09-26-1,181.00,0.00,2282.58,673.41,1015.24,2439.46,0.25
Thorold Stone Full Serve,2019-09-26-2,0.00,0.00,1037.56,735.80,1008.01,2372.04,0.25
Thorold Stone Full Serve,2019-09-26-3,51.01,0.00,90.50,93.50,147.75,376.75,0.25
Thorold Stone Full Serve,2019-09-27-1,123.01,0.00,1545.16,804.78,1108.22,2608.04,0.00
Thorold Stone Full Serve,2019-09-27-2,126.28,0.00,863.56,1027.29,830.14,2667.71,0.00
Thorold Stone Full Serve,2019-09-27-3,0.00,0.00,0.00,219.25,102.00,375.00,0.25
Thorold Stone Full Serve,2019-09-28-1,119.25,0.00,779.87,655.80,946.24,1838.49,0.00
Thorold Stone Full Serve,2019-09-28-2,87.00,0.00,580.77,822.03,1126.16,1701.09,0.00
Thorold Stone Full Serve,2019-09-28-3,0.00,0.00,35.20,30.00,164.51,518.09,0.00
Thorold Stone Full Serve,2019-09-29-1,40.00,0.00,717.56,578.65,744.78,2373.44,0.00
Thorold Stone Full Serve,2019-09-29-2,50.00,0.00,455.14,787.16,1410.06,2009.20,0.00
Thorold Stone Full Serve,2019-09-29-3,0.00,0.00,30.00,91.79,331.08,779.05,0.25
Thorold Stone Full Serve,2019-09-30-1,97.50,0.00,2136.21,838.31,986.26,1657.68,1.25
Thorold Stone Full Serve,2019-09-30-2,70.01,0.00,795.76,930.69,1641.30,2035.10,0.00
Thorold Stone Full Serve,2019-09-30-3,51.00,0.00,113.50,50.00,186.42,529.50,0.25
Thorold Stone Full Serve,2019-10-01-1,0.00,0.00,2261.01,374.27,1790.59,2215.98,1.00
Thorold Stone Full Serve,2019-10-01-2,41.07,0.00,589.20,501.18,844.74,2208.65,0.25
Thorold Stone Full Serve,2019-10-01-3,0.00,0.00,75.00,217.25,147.25,255.75,0.25
St. Davids,2019-09-01-1,151.01,0.00,158.40,300.00,870.06,854.72,0.00
St. Davids,2019-09-01-2,0.00,0.00,54.00,368.42,772.74,816.74,0.00
St. Davids,2019-09-02-1,130.00,0.00,439.61,589.00,1364.39,1213.00,0.00
St. Davids,2019-09-02-2,86.25,0.00,287.01,278.00,1197.77,1184.60,0.25
St. Davids,2019-09-03-1,200.00,0.00,1219.50,258.00,1570.20,1254.62,0.00
St. Davids,2019-09-03-2,60.00,0.00,675.29,584.00,752.69,1241.80,0.00
St. Davids,2019-09-04-1,0.00,0.00,833.28,647.26,584.79,1706.75,0.00
St. Davids,2019-09-04-2,54.00,0.00,519.00,833.29,844.00,622.87,0.25
St. Davids,2019-09-05-1,86.72,0.00,1156.97,627.35,948.73,1605.92,0.25
St. Davids,2019-09-05-2,0.00,0.00,185.50,780.17,1037.28,1510.45,0.00
St. Davids,2019-09-06-1,34.09,0.00,1041.27,901.12,1515.33,1438.65,0.25
St. Davids,2019-09-06-2,0.00,0.00,563.90,723.84,1305.93,1519.96,0.00
St. Davids,2019-09-07-1,93.01,0.00,533.51,854.35,1081.03,1593.11,0.00
St. Davids,2019-09-07-2,82.00,0.00,146.00,403.00,1120.57,1004.40,1.00
St. Davids,2019-09-08-1,0.00,0.00,471.58,911.31,1120.03,955.12,0.00
St. Davids,2019-09-08-2,146.00,0.00,87.00,382.45,1039.07,1295.50,0.00
St. Davids,2019-09-09-1,0.00,0.00,1820.50,557.06,1634.82,795.55,0.25
St. Davids,2019-09-09-2,0.00,0.00,676.32,718.25,687.56,1532.08,0.25
St. Davids,2019-09-10-1,68.03,0.00,609.37,531.56,648.66,1099.59,0.00
St. Davids,2019-09-10-2,109.01,0.00,569.17,1016.45,629.52,1009.51,0.25
St. Davids,2019-09-11-1,181.00,0.00,1296.18,807.17,908.81,889.35,0.00
St. Davids,2019-09-11-2,0.00,0.00,679.00,478.32,781.17,1101.33,0.00
St. Davids,2019-09-12-1,0.00,66.17,818.57,582.52,1476.80,1196.08,0.25
St. Davids,2019-09-12-2,0.00,0.00,598.00,977.14,867.71,1496.09,0.25
St. Davids,2019-09-13-1,0.00,0.00,1167.13,994.77,1353.21,1226.71,0.25
St. Davids,2019-09-13-2,82.00,0.00,166.00,414.25,590.02,488.00,0.25
St. Davids,2019-09-14-1,0.00,0.00,729.03,580.00,1023.70,1204.53,0.25
St. Davids,2019-09-14-2,74.03,0.00,49.00,605.04,697.80,818.27,0.25
St. Davids,2019-09-15-1,89.00,0.00,236.01,311.01,1149.85,1158.24,0.25
St. Davids,2019-09-15-2,202.55,0.00,57.00,414.51,753.42,1256.73,0.00
St. Davids,2019-09-16-1,205.15,0.00,1171.41,912.61,1003.72,1293.74,0.00
St. Davids,2019-09-16-2,52.51,0.00,862.05,603.62,995.44,1903.79,0.00
St. Davids,2019-09-17-1,100.51,0.00,1042.02,939.06,1381.71,1660.71,0.25
St. Davids,2019-09-17-2,127.00,0.00,631.01,614.70,1203.22,1618.02,0.25
St. Davids,2019-09-18-1,0.00,0.00,1086.10,578.95,1189.50,1545.66,0.00
St. Davids,2019-09-18-2,114.17,0.00,308.75,1128.76,1934.26,1844.42,0.00
St. Davids,2019-09-19-1,45.00,0.00,1764.64,750.34,1696.80,1574.31,0.00
St. Davids,2019-09-19-2,0.00,0.00,377.25,632.31,596.28,1599.80,0.00
St. Davids,2019-09-20-1,166.57,0.00,757.30,468.28,1225.84,980.05,4.75
St. Davids,2019-09-20-2,126.50,0.00,44.00,256.00,960.46,1362.60,0.00
St. Davids,2019-09-21-1,0.00,0.00,938.54,596.03,988.07,1360.79,0.25
St. Davids,2019-09-21-2,92.00,0.00,325.02,446.36,371.52,885.76,0.00
St. Davids,2019-09-22-1,0.00,0.00,85.01,405.03,1253.16,937.52,0.25
St. Davids,2019-09-22-2,214.20,0.00,0.00,889.10,1142.57,918.60,0.00
St. Davids,2019-09-23-1,87.51,0.00,693.02,578.20,1040.10,1550.67,0.00
St. Davids,2019-09-23-2,79.78,0.00,472.76,829.52,761.29,1168.30,0.25
St. Davids,2019-09-24-1,20.38,0.00,1503.27,482.69,1101.86,1380.22,0.25
St. Davids,2019-09-24-2,0.00,0.00,548.01,717.58,877.23,1210.29,0.00
St. Davids,2019-09-25-1,81.16,0.00,1123.24,735.94,1396.69,1332.63,0.25
St. Davids,2019-09-25-2,0.00,0.00,409.40,578.63,1320.75,1376.09,0.00
St. Davids,2019-09-26-1,32.13,0.00,1593.02,1026.42,1763.17,1631.00,0.25
St. Davids,2019-09-26-2,0.00,0.00,465.00,1110.96,1238.66,1499.37,0.25
St. Davids,2019-09-27-1,138.83,0.00,1933.57,594.57,1141.56,1754.52,0.00
St. Davids,2019-09-27-2,59.00,0.00,424.75,769.53,889.88,1824.12,0.25
St. Davids,2019-09-28-1,0.00,0.00,675.89,658.02,1091.01,1555.08,0.25
St. Davids,2019-09-28-2,140.27,0.00,177.25,373.10,352.57,711.33,0.00
St. Davids,2019-09-29-1,128.00,0.00,522.37,470.04,1208.70,1399.79,0.00
St. Davids,2019-09-29-2,56.00,0.00,0.00,404.78,994.52,1212.25,0.00
St. Davids,2019-09-30-1,69.18,0.00,897.88,470.29,1674.05,1554.50,0.00
St. Davids,2019-09-30-2,57.01,0.00,827.03,540.24,1099.65,1512.10,0.25
St. Davids,2019-10-01-1,40.02,0.00,842.07,742.12,1468.13,1652.77,0.25
St. Davids,2019-10-01-2,0.00,0.00,560.96,280.05,635.27,1295.10,0.00
Collier Road,2019-09-01-1,205.06,0.00,194.01,1079.49,1393.08,3547.77,0.00
Collier Road,2019-09-01-2,0.00,0.00,0.00,622.68,1300.22,2903.16,0.00
Collier Road,2019-09-01-3,0.00,0.00,0.00,149.73,199.75,422.96,0.00
Collier Road,2019-09-02-1,53.87,0.00,136.66,749.78,1487.03,2842.60,-10.00
Collier Road,2019-09-02-2,93.36,0.00,65.77,823.19,1377.42,3512.48,0.00
Collier Road,2019-09-02-3,0.00,0.00,0.00,131.71,276.38,921.53,0.00
Collier Road,2019-09-03-1,0.00,0.00,131.09,163.71,413.07,1768.63,0.00
Collier Road,2019-09-03-2,83.06,0.00,52.17,485.61,527.17,2126.47,0.00
Collier Road,2019-09-03-3,0.00,0.00,213.01,764.04,1581.96,3871.06,0.00
Collier Road,2019-09-03-4,0.00,0.00,65.00,75.61,95.89,1039.52,0.00
Collier Road,2019-09-04-1,46.79,0.00,570.46,715.86,913.25,3309.20,0.00
Collier Road,2019-09-04-2,0.00,0.00,154.41,604.20,1685.41,3317.06,0.00
Collier Road,2019-09-04-3,0.00,0.00,0.00,197.68,177.92,1165.38,0.00
Collier Road,2019-09-05-1,151.01,0.00,371.84,386.05,1137.00,2971.56,0.00
Collier Road,2019-09-05-2,128.58,0.00,1176.38,1199.79,2650.48,6527.67,0.00
Collier Road,2019-09-05-3,0.00,0.00,228.39,869.66,1078.57,3370.02,0.00
Collier Road,2019-09-06-1,141.83,0.00,123.51,813.48,1345.97,3462.84,0.00
Collier Road,2019-09-06-2,145.01,0.00,382.50,1572.10,1416.96,7146.99,0.00
Collier Road,2019-09-06-3,0.00,0.00,0.00,0.00,191.10,658.72,0.00
Collier Road,2019-09-07-1,77.17,0.00,45.01,1269.94,1731.18,4750.57,-6.00
Collier Road,2019-09-07-2,0.00,0.00,95.35,393.45,590.48,2581.96,-14.00
Collier Road,2019-09-07-3,0.00,0.00,0.00,262.84,206.65,1131.76,0.00
Collier Road,2019-09-07-4,50.00,0.00,0.00,146.66,173.09,487.35,0.00
Collier Road,2019-09-08-1,0.00,0.00,235.87,811.54,802.30,3655.28,-1.00
Collier Road,2019-09-08-2,92.59,0.00,0.00,1026.77,1358.41,3789.34,0.00
Collier Road,2019-09-08-3,0.00,0.00,0.00,234.34,128.00,990.72,0.00
Collier Road,2019-09-09-1,73.51,0.00,312.97,1034.24,1371.20,2228.08,0.00
Collier Road,2019-09-09-2,0.00,0.00,200.67,523.39,1623.53,4242.20,0.00
Collier Road,2019-09-09-3,0.00,0.00,98.82,161.74,421.63,903.58,0.00
Collier Road,2019-09-10-1,139.67,0.00,750.04,925.12,1262.96,2215.19,0.00
Collier Road,2019-09-10-2,381.99,0.00,1169.94,1221.54,1856.61,5039.66,0.00
Collier Road,2019-09-10-3,108.37,0.00,0.00,206.52,170.21,630.91,0.00
Collier Road,2019-09-11-1,0.00,0.00,987.48,486.67,1152.41,3389.91,0.00
Collier Road,2019-09-11-2,0.00,0.00,47.68,803.61,1731.14,4206.92,0.00
Collier Road,2019-09-11-3,0.00,0.00,0.00,148.76,85.49,612.43,0.00
Collier Road,2019-09-12-1,0.00,0.00,529.79,482.87,1423.74,2990.51,0.00
Collier Road,2019-09-12-2,289.24,0.00,59.00,1327.86,2063.96,5063.61,0.00
Collier Road,2019-09-12-3,0.00,0.00,0.00,282.12,115.62,968.76,0.00
Collier Road,2019-09-13-1,0.00,0.00,665.23,864.24,1363.22,5186.53,0.00
Collier Road,2019-09-13-2,210.81,0.00,159.93,971.65,1463.01,4943.44,-2.00
Collier Road,2019-09-13-3,0.00,0.00,0.00,194.61,145.02,583.05,4.00
Collier Road,2019-09-14-1,0.00,0.00,313.07,1211.74,1323.97,3588.13,0.00
Collier Road,2019-09-14-2,43.14,0.00,0.00,525.61,1088.75,3789.71,0.00
Collier Road,2019-09-14-3,0.00,0.00,0.00,108.05,68.79,504.51,0.00
Collier Road,2019-09-15-1,218.50,0.00,0.00,874.82,953.82,3976.08,-2.00
Collier Road,2019-09-15-2,0.00,0.00,25.69,789.25,1247.00,2839.63,0.00
Collier Road,2019-09-15-3,0.00,0.00,0.00,72.52,48.21,711.59,0.00
Collier Road,2019-09-16-1,0.00,0.00,0.00,0.00,0.00,24.87,0.00
Collier Road,2019-09-16-2,0.00,0.00,636.27,254.76,1109.59,1709.99,0.00
Collier Road,2019-09-16-3,20.00,0.00,227.01,62.74,246.24,828.81,0.00
Collier Road,2019-09-17-1,27.72,0.00,672.83,529.58,1675.35,3700.15,-10.00
Collier Road,2019-09-17-2,172.75,0.00,124.41,1014.80,1709.18,4598.37,-4.00
Collier Road,2019-09-17-3,0.00,0.00,0.00,125.05,203.30,774.76,0.00
Collier Road,2019-09-18-1,49.00,0.00,380.43,1127.59,1462.18,3102.04,0.00
Collier Road,2019-09-18-2,0.00,0.00,82.16,1169.28,973.26,3436.66,0.00
Collier Road,2019-09-18-3,0.00,0.00,146.37,100.59,160.08,872.52,0.00
Collier Road,2019-09-19-1,164.32,0.00,456.50,846.47,1341.43,3648.20,0.00
Collier Road,2019-09-19-2,0.00,0.00,931.45,975.31,1336.51,3946.34,0.00
Collier Road,2019-09-19-3,0.00,0.00,90.49,136.61,129.91,981.97,0.00
Collier Road,2019-09-20-1,156.58,0.00,792.28,938.17,1862.34,5507.63,0.00
Collier Road,2019-09-20-2,143.91,0.00,157.73,764.16,1311.54,5288.66,0.00
Collier Road,2019-09-20-3,0.00,0.00,0.00,221.98,372.53,713.13,0.00
Collier Road,2019-09-21-1,182.61,0.00,99.10,716.62,1080.02,3940.12,0.00
Collier Road,2019-09-21-2,0.00,0.00,0.00,721.48,1156.24,3707.93,0.00
Collier Road,2019-09-21-3,41.00,0.00,0.00,39.49,96.87,484.75,0.00
Collier Road,2019-09-22-1,0.00,0.00,40.01,566.83,1093.35,4023.98,-6.00
Collier Road,2019-09-22-2,91.70,0.00,247.62,677.85,1439.65,3516.49,0.00
Collier Road,2019-09-22-3,0.00,0.00,172.01,247.18,300.07,782.20,0.00
Collier Road,2019-09-23-1,127.79,0.00,664.45,644.20,1077.67,3335.92,-6.00
Collier Road,2019-09-23-2,20.25,0.00,725.18,628.62,1675.05,3293.21,0.00
Collier Road,2019-09-23-3,0.00,0.00,38.54,253.85,205.78,748.84,0.00
Collier Road,2019-09-24-1,79.89,0.00,245.98,214.32,555.32,1032.18,0.00
Collier Road,2019-09-24-2,20.00,0.00,253.97,353.46,558.64,2015.72,0.00
Collier Road,2019-09-24-3,182.31,0.00,118.32,728.11,1743.46,4080.86,0.00
Collier Road,2019-09-24-4,0.00,0.00,73.65,299.37,48.80,516.89,0.00
Collier Road,2019-09-25-1,49.50,0.00,571.95,909.94,1948.21,3088.67,0.00
Collier Road,2019-09-25-2,106.31,0.00,494.74,487.77,1380.85,3346.44,2.00
Collier Road,2019-09-25-3,0.00,0.00,81.10,112.35,451.84,1352.91,0.00
Collier Road,2019-09-26-1,50.98,0.00,200.62,805.02,907.99,3380.35,0.00
Collier Road,2019-09-26-2,154.04,0.00,1618.51,1042.11,2071.60,6001.90,0.00
Collier Road,2019-09-26-3,0.00,0.00,0.00,75.23,273.12,1107.57,0.00
Collier Road,2019-09-27-1,162.00,0.00,260.42,606.81,1695.17,4436.55,0.00
Collier Road,2019-09-27-2,0.00,0.00,553.70,1095.50,1790.06,4554.07,-31.00
Collier Road,2019-09-27-3,104.44,0.00,50.45,701.68,1783.11,4602.23,0.00
Collier Road,2019-09-28-1,65.60,0.00,41.20,510.66,941.47,3672.04,0.00
Collier Road,2019-09-28-2,0.00,0.00,0.00,181.64,57.96,729.67,-6.00
Collier Road,2019-09-29-1,42.60,0.00,0.00,1179.84,1155.75,3918.43,-2.00
Collier Road,2019-09-29-2,49.80,0.00,0.00,575.31,2118.42,3303.00,-2.00
Collier Road,2019-09-29-3,0.00,0.00,50.01,111.48,130.37,714.78,0.00
Collier Road,2019-09-30-1,50.03,0.00,29.19,756.39,1436.13,3649.26,-3.00
Collier Road,2019-09-30-2,124.80,0.00,1045.25,1020.02,1553.19,4433.72,30.00
Collier Road,2019-09-30-3,25.00,0.00,438.35,96.44,154.37,739.75,0.00
Collier Road,2019-10-01-1,270.80,0.00,484.49,564.93,990.36,2921.96,7.00
Collier Road,2019-10-01-2,10.00,0.00,90.72,697.70,2119.49,2960.51,0.00
Collier Road,2019-10-01-3,28.24,0.00,102.29,40.97,106.09,578.97,0.00
St. Paul West,2019-09-01-1,20.00,0.00,162.44,954.92,1128.34,3714.18,-2.00
St. Paul West,2019-09-01-2,57.70,0.00,153.62,589.76,645.27,2237.64,0.00
St. Paul West,2019-09-01-3,44.41,0.00,0.00,28.78,136.42,604.16,0.00
St. Paul West,2019-09-02-1,0.00,0.00,68.01,400.56,757.58,3187.61,0.00
St. Paul West,2019-09-02-2,0.00,0.00,177.80,441.13,871.78,2824.84,0.00
St. Paul West,2019-09-02-3,25.87,0.00,236.94,33.50,488.06,1015.76,0.00
St. Paul West,2019-09-03-1,119.56,0.00,436.42,1193.33,1052.45,4824.66,0.00
St. Paul West,2019-09-03-2,30.00,0.00,627.66,1077.93,1534.98,3616.41,0.00
St. Paul West,2019-09-03-3,0.00,0.00,0.00,192.09,380.00,1185.87,0.00
St. Paul West,2019-09-04-1,119.59,0.00,911.02,960.61,1268.09,2658.78,0.00
St. Paul West,2019-09-04-2,190.04,0.00,464.00,965.40,1522.56,3787.50,0.00
St. Paul West,2019-09-04-3,0.00,0.00,918.63,287.54,230.68,2596.54,0.00
St. Paul West,2019-09-05-1,104.28,0.00,1268.23,865.77,1357.40,2822.13,-4.00
St. Paul West,2019-09-05-2,42.26,0.00,838.14,973.29,1325.88,3745.26,-9.00
St. Paul West,2019-09-05-3,0.00,0.00,350.93,198.12,275.73,1732.99,0.00
St. Paul West,2019-09-06-1,51.47,0.00,893.49,1194.77,1522.87,4482.62,-4.00
St. Paul West,2019-09-06-2,107.33,0.00,679.59,633.87,1751.67,4918.21,0.00
St. Paul West,2019-09-06-3,0.00,0.00,0.00,44.13,130.53,1059.76,0.00
St. Paul West,2019-09-07-1,0.00,0.00,133.58,1268.38,1946.26,5058.05,0.00
St. Paul West,2019-09-07-2,15.72,0.00,90.01,674.79,1673.61,3488.99,4.00
St. Paul West,2019-09-07-3,0.00,0.00,39.10,260.08,203.93,890.04,0.00
St. Paul West,2019-09-08-1,195.11,0.00,422.62,994.44,1904.84,5230.64,0.00
St. Paul West,2019-09-08-2,75.00,0.00,45.99,825.33,851.48,2508.93,0.00
St. Paul West,2019-09-08-3,0.00,0.00,398.33,188.48,340.84,1041.67,0.00
St. Paul West,2019-09-09-1,89.77,0.00,1042.76,1059.14,1121.74,3167.11,0.00
St. Paul West,2019-09-09-2,0.00,0.00,530.59,538.34,654.83,1659.47,0.00
St. Paul West,2019-09-09-3,35.17,0.00,241.78,525.61,957.14,1942.63,0.00
St. Paul West,2019-09-09-4,0.00,0.00,380.32,282.38,405.86,1382.01,0.00
St. Paul West,2019-09-10-1,0.00,0.00,1196.19,899.51,1564.68,3027.27,0.00
St. Paul West,2019-09-10-2,0.00,0.00,465.79,972.60,972.04,3777.87,0.00
St. Paul West,2019-09-10-3,0.00,0.00,762.24,150.85,97.37,697.85,0.00
St. Paul West,2019-09-11-1,47.33,0.00,1064.13,861.75,1566.30,3445.41,2.00
St. Paul West,2019-09-11-2,115.47,0.00,266.77,1111.09,1686.92,3823.99,0.00
St. Paul West,2019-09-11-3,47.67,0.00,549.67,258.55,292.10,1297.67,-1.00
St. Paul West,2019-09-12-1,38.36,0.00,840.34,726.36,906.90,3089.04,-2.00
St. Paul West,2019-09-12-2,97.01,0.00,459.21,741.69,1510.92,4004.85,0.00
St. Paul West,2019-09-12-3,0.00,0.00,512.25,115.77,222.73,2039.15,0.00
St. Paul West,2019-09-13-1,30.01,0.00,1104.21,719.47,1680.99,5878.41,-11.00
St. Paul West,2019-09-13-2,49.11,0.00,553.21,667.05,1460.63,4826.70,-16.00
St. Paul West,2019-09-13-3,61.73,0.00,29.75,77.33,171.99,1123.31,0.00
St. Paul West,2019-09-14-1,76.83,0.00,211.58,1402.15,1869.03,4305.66,0.00
St. Paul West,2019-09-14-2,156.91,0.00,62.88,738.89,1019.59,3141.97,0.00
St. Paul West,2019-09-14-3,0.00,0.00,0.00,114.27,136.33,463.07,0.00
St. Paul West,2019-09-15-1,54.75,0.00,336.62,1180.94,1364.27,4353.11,-2.00
St. Paul West,2019-09-15-2,121.46,0.00,295.93,1357.87,1685.39,3193.34,0.00
St. Paul West,2019-09-15-3,0.00,0.00,476.84,195.50,172.43,1148.79,0.00
St. Paul West,2019-09-16-1,47.65,0.00,803.13,1282.26,1801.11,3030.31,0.00
St. Paul West,2019-09-16-2,63.27,0.00,621.07,1051.60,1606.81,5014.80,-1.00
St. Paul West,2019-09-16-3,0.00,0.00,0.00,160.64,237.57,1167.17,0.00
St. Paul West,2019-09-17-1,137.84,0.00,821.58,1782.44,1653.88,3825.99,-1.00
St. Paul West,2019-09-17-2,142.94,0.00,442.36,1580.00,1583.42,4439.75,0.00
St. Paul West,2019-09-17-3,0.00,0.00,182.49,219.89,372.90,1371.66,0.00
St. Paul West,2019-09-18-1,0.00,0.00,1280.54,680.83,1571.88,2897.54,0.00
St. Paul West,2019-09-18-2,34.24,0.00,696.60,1472.87,1883.11,3522.89,-6.00
St. Paul West,2019-09-18-3,0.00,0.00,309.02,212.10,335.39,1438.73,0.00
St. Paul West,2019-09-19-1,80.08,0.00,1305.05,801.86,1325.78,3718.95,1.00
St. Paul West,2019-09-19-2,45.25,0.00,1232.21,1035.23,832.21,3481.82,0.00
St. Paul West,2019-09-19-3,0.00,0.00,496.45,416.47,494.51,3119.19,0.00
St. Paul West,2019-09-20-1,55.48,0.00,891.59,1208.75,1373.75,3951.70,0.00
St. Paul West,2019-09-20-2,0.00,0.00,793.77,1009.41,872.50,5087.37,0.00
St. Paul West,2019-09-20-3,0.00,0.00,0.00,9.00,268.53,1402.40,0.00
St. Paul West,2019-09-21-1,64.31,0.00,269.74,798.75,1750.79,4083.79,0.00
St. Paul West,2019-09-21-2,34.96,0.00,125.76,491.05,1037.94,3583.85,2.00
St. Paul West,2019-09-21-3,0.00,0.00,0.00,108.70,247.39,673.29,0.00
St. Paul West,2019-09-22-1,56.44,0.00,292.53,1011.43,1161.15,4208.09,0.00
St. Paul West,2019-09-22-2,25.87,0.00,91.00,1028.17,1418.47,3395.31,0.00
St. Paul West,2019-09-22-3,0.00,0.00,1099.43,81.26,170.93,1589.17,0.00
St. Paul West,2019-09-23-1,70.72,0.00,1357.14,914.54,2243.93,2884.88,0.00
St. Paul West,2019-09-23-2,116.16,0.00,403.32,1039.45,1039.60,4024.76,-11.00
St. Paul West,2019-09-23-3,0.00,0.00,621.52,172.01,190.96,1424.09,0.00
St. Paul West,2019-09-24-1,30.00,0.00,877.41,890.59,1016.88,2752.42,0.00
St. Paul West,2019-09-24-2,0.00,0.00,324.10,1341.37,1740.16,4348.98,-22.00
St. Paul West,2019-09-24-3,0.00,0.00,654.75,74.27,311.94,1413.45,0.00
St. Paul West,2019-09-25-1,0.00,0.00,624.10,894.12,1938.84,3964.64,-22.00
St. Paul West,2019-09-25-2,30.00,0.00,311.12,1164.81,1655.69,4055.86,0.00
St. Paul West,2019-09-25-3,0.00,0.00,934.58,69.03,261.98,1756.77,0.00
St. Paul West,2019-09-26-1,55.81,0.00,633.28,1536.80,1771.41,4005.94,-1.00
St. Paul West,2019-09-26-2,99.09,0.00,530.49,1279.49,2073.83,4701.96,-6.00
St. Paul West,2019-09-26-3,0.00,0.00,0.00,317.48,227.81,1772.88,0.00
St. Paul West,2019-09-27-1,29.94,0.00,1027.92,1281.71,2183.54,4315.63,0.00
St. Paul West,2019-09-27-2,70.00,0.00,460.54,1399.71,1845.28,5199.27,-6.00
St. Paul West,2019-09-27-3,0.00,0.00,32.32,103.63,278.98,1374.43,0.00
St. Paul West,2019-09-28-1,60.01,0.00,0.00,594.44,1750.75,3229.63,-15.00
St. Paul West,2019-09-28-2,75.54,0.00,80.03,1149.48,1359.97,4513.00,-2.00
St. Paul West,2019-09-28-3,0.00,0.00,77.50,107.67,34.90,947.62,0.00
St. Paul West,2019-09-29-1,109.53,0.00,284.45,792.78,1644.76,4191.58,0.00
St. Paul West,2019-09-29-2,63.38,0.00,194.00,1044.73,1332.25,3328.62,0.00
St. Paul West,2019-09-29-3,0.00,0.00,551.53,161.14,358.82,1331.54,0.00
St. Paul West,2019-09-30-1,0.00,0.00,2258.91,1181.86,1220.31,3645.84,0.00
St. Paul West,2019-09-30-2,96.07,0.00,1146.43,805.10,1279.23,3809.78,0.00
St. Paul West,2019-09-30-3,0.00,0.00,245.72,114.81,244.86,1366.73,0.00
St. Paul West,2019-10-01-1,0.00,0.00,1128.42,729.68,940.86,3464.03,-21.00
St. Paul West,2019-10-01-2,0.00,0.00,552.62,499.93,985.59,4412.79,0.00
St. Paul West,2019-10-01-3,0.00,0.00,434.54,127.56,226.29,1120.59,0.00
Welland Avenue,2019-09-01-1,0.00,0.00,179.52,623.80,493.07,1901.11,0.25
Welland Avenue,2019-09-01-2,0.00,0.00,0.00,391.07,528.75,1170.04,0.00
Welland Avenue,2019-09-02-1,88.00,0.00,0.00,367.18,301.00,1414.38,0.25
Welland Avenue,2019-09-02-2,0.00,0.00,0.00,291.51,548.27,1051.00,0.00
Welland Avenue,2019-09-03-1,144.00,0.00,469.00,677.05,772.75,1851.59,0.25
Welland Avenue,2019-09-03-2,159.00,0.00,311.01,281.01,705.50,2605.91,0.00
Welland Avenue,2019-09-04-1,72.00,0.00,208.01,735.41,774.15,2501.94,0.00
Welland Avenue,2019-09-04-2,33.54,0.00,85.38,392.96,856.09,1616.48,15.25
Welland Avenue,2019-09-05-1,0.00,0.00,333.00,567.74,1194.74,2216.71,0.00
Welland Avenue,2019-09-05-2,0.00,0.00,224.57,477.67,753.90,2050.05,0.00
Welland Avenue,2019-09-06-1,0.00,0.00,411.00,859.50,908.00,3371.75,0.00
Welland Avenue,2019-09-06-2,0.00,0.00,212.61,556.09,1044.30,2820.80,0.25
Welland Avenue,2019-09-07-1,0.00,0.00,89.80,745.45,736.60,2060.01,0.00
Welland Avenue,2019-09-07-2,0.00,0.00,82.02,137.25,436.02,1468.81,0.00
Welland Avenue,2019-09-08-1,31.46,0.00,55.87,351.77,413.50,1297.12,0.00
Welland Avenue,2019-09-08-2,64.41,0.00,0.00,335.46,455.66,1282.74,0.00
Welland Avenue,2019-09-09-1,101.62,0.00,534.00,874.38,768.62,2231.13,0.00
Welland Avenue,2019-09-09-2,0.00,0.00,186.00,427.25,793.54,1661.76,0.25
Welland Avenue,2019-09-10-1,40.00,0.00,169.00,619.99,892.01,2406.70,0.25
Welland Avenue,2019-09-10-2,105.01,0.00,117.00,365.50,586.22,1669.29,0.00
Welland Avenue,2019-09-11-1,30.00,0.00,285.94,615.99,805.25,1999.80,0.25
Welland Avenue,2019-09-11-2,0.00,0.00,101.47,348.64,838.41,1499.64,0.25
Welland Avenue,2019-09-12-1,56.70,0.00,495.49,835.54,650.00,2410.26,0.00
Welland Avenue,2019-09-12-2,0.00,0.00,15.00,348.88,877.47,1840.08,0.25
Welland Avenue,2019-09-13-1,28.00,0.00,568.50,614.00,776.00,2768.00,0.25
Welland Avenue,2019-09-13-2,129.71,0.00,209.46,454.73,612.34,2759.72,0.00
Welland Avenue,2019-09-14-1,23.00,0.00,0.00,544.79,1094.06,1874.31,0.25
Welland Avenue,2019-09-14-2,0.00,0.00,0.00,289.38,351.64,915.38,-469.75
Welland Avenue,2019-09-15-1,0.00,0.00,0.00,247.27,736.68,2088.61,470.00
Welland Avenue,2019-09-15-2,36.54,0.00,0.00,182.60,122.82,1093.45,0.00
Welland Avenue,2019-09-16-1,76.00,0.00,489.00,451.67,833.50,2257.50,0.00
Welland Avenue,2019-09-16-2,0.00,0.00,108.00,501.68,870.01,2356.44,0.25
Welland Avenue,2019-09-17-1,80.00,0.00,184.00,915.00,1301.19,2670.67,0.25
Welland Avenue,2019-09-17-2,48.00,0.00,90.00,396.51,961.02,2791.12,0.25
Welland Avenue,2019-09-18-1,67.00,0.00,682.00,224.00,438.03,2234.47,0.25
Welland Avenue,2019-09-18-2,36.00,0.00,199.04,416.43,751.80,1530.42,0.25
Welland Avenue,2019-09-19-1,0.00,0.00,321.00,476.29,779.25,2569.20,0.00
Welland Avenue,2019-09-19-2,57.11,0.00,113.00,318.96,1157.29,2120.44,0.25
Welland Avenue,2019-09-20-1,0.00,0.00,657.00,517.00,867.08,2558.30,0.25
Welland Avenue,2019-09-20-2,0.00,0.00,128.13,672.99,715.74,2381.26,0.00
Welland Avenue,2019-09-21-1,72.31,0.00,242.12,491.88,1273.51,2062.20,0.25
Welland Avenue,2019-09-21-2,0.00,0.00,72.00,371.00,663.00,1412.57,0.00
Welland Avenue,2019-09-22-1,54.00,0.00,179.56,520.91,715.16,1409.28,3.50
Welland Avenue,2019-09-22-2,0.00,0.00,47.90,340.09,795.03,1390.48,0.00
Welland Avenue,2019-09-23-1,0.00,0.00,224.00,614.25,622.00,2070.55,0.00
Welland Avenue,2019-09-23-2,130.00,0.00,122.00,451.51,380.51,2044.75,0.00
Welland Avenue,2019-09-24-1,0.00,0.00,555.41,717.08,780.33,2784.42,0.25
Welland Avenue,2019-09-24-2,0.00,0.00,164.00,589.52,1047.26,1869.28,0.25
Welland Avenue,2019-09-25-1,59.00,0.00,242.50,410.25,430.00,1899.00,0.00
Welland Avenue,2019-09-25-2,0.00,0.00,142.41,345.02,1400.01,1913.21,0.00
Welland Avenue,2019-09-26-1,0.00,0.00,140.00,420.05,710.31,3177.11,7.25
Welland Avenue,2019-09-26-2,53.85,0.00,207.64,566.64,585.97,1488.66,0.25
Welland Avenue,2019-09-27-1,46.00,0.00,420.01,310.50,961.49,3169.50,0.25
Welland Avenue,2019-09-27-2,51.45,0.00,209.17,419.78,813.18,2360.25,0.25
Welland Avenue,2019-09-28-1,49.60,0.00,100.63,322.80,631.58,1892.68,0.25
Welland Avenue,2019-09-28-2,65.01,0.00,0.00,404.56,598.56,1851.66,0.25
Welland Avenue,2019-09-29-1,0.00,0.00,30.51,470.59,511.87,1614.44,0.00
Welland Avenue,2019-09-29-2,85.76,0.00,0.00,221.71,375.04,1095.43,0.00
Welland Avenue,2019-09-30-1,169.00,0.00,83.00,355.00,1194.96,2497.28,0.25
Welland Avenue,2019-09-30-2,0.00,0.00,114.00,875.70,1251.34,1590.51,0.00
Welland Avenue,2019-10-01-1,0.00,0.00,224.00,814.88,1067.50,2627.50,0.25
Welland Avenue,2019-10-01-2,78.00,0.00,157.00,686.25,469.00,1975.01,0.00
Gilmore,2019-09-01-1,0.00,0.00,0.00,0.00,0.00,0.00,0.00
Gilmore,2019-09-02-1,0.00,0.00,0.00,0.00,0.00,0.00,0.00
Gilmore,2019-09-03-1,0.00,0.00,0.00,0.00,0.00,0.00,0.00
Gilmore,2019-09-04-1,0.00,0.00,0.00,0.00,0.00,0.00,0.00
Gilmore,2019-09-05-1,0.00,0.00,0.00,0.00,0.00,0.00,0.00
Gilmore,2019-09-06-1,0.00,0.00,0.00,0.00,0.00,0.00,0.00
Gilmore,2019-09-07-1,0.00,0.00,0.00,0.00,0.00,0.00,0.00
Gilmore,2019-09-08-1,0.00,0.00,0.00,0.00,0.00,0.00,0.00
Gilmore,2019-09-09-1,0.00,0.00,0.00,0.00,0.00,0.00,0.00
Gilmore,2019-09-10-1,0.00,0.00,0.00,0.00,0.00,0.00,0.00
Gilmore,2019-09-11-1,0.00,0.00,0.00,0.00,0.00,0.00,0.00
Gilmore,2019-09-12-1,0.00,0.00,0.00,0.00,0.00,0.00,0.00
Gilmore,2019-09-13-1,0.00,0.00,0.00,0.00,0.00,0.00,0.00
Gilmore,2019-09-14-1,0.00,0.00,0.00,0.00,0.00,0.00,0.00
Gilmore,2019-09-15-1,0.00,0.00,0.00,0.00,0.00,0.00,0.00
Gilmore,2019-09-16-1,0.00,0.00,0.00,0.00,0.00,0.00,0.00
Gilmore,2019-09-17-1,0.00,0.00,0.00,0.00,0.00,0.00,0.00
Gilmore,2019-09-18-1,0.00,0.00,0.00,0.00,0.00,0.00,0.00
Gilmore,2019-09-19-1,0.00,0.00,0.00,0.00,0.00,0.00,0.00
Gilmore,2019-09-20-1,0.00,0.00,0.00,0.00,0.00,0.00,0.00
Gilmore,2019-09-21-1,0.00,0.00,0.00,0.00,0.00,0.00,0.00
Gilmore,2019-09-22-1,0.00,0.00,0.00,0.00,0.00,0.00,0.00
Gilmore,2019-09-23-1,0.00,0.00,0.00,0.00,0.00,0.00,0.00
Gilmore,2019-09-24-1,0.00,0.00,0.00,0.00,0.00,0.00,0.00
Gilmore,2019-09-25-1,0.00,0.00,0.00,0.00,0.00,0.00,0.00
Gilmore,2019-09-26-1,0.00,0.00,0.00,0.00,0.00,0.00,0.00
Gilmore,2019-09-27-1,0.00,0.00,0.00,0.00,0.00,0.00,0.00
Gilmore,2019-09-28-1,0.00,0.00,0.00,0.00,0.00,0.00,0.00
Gilmore,2019-09-29-1,0.00,0.00,0.00,0.00,0.00,0.00,0.00
Gilmore,2019-09-30-1,0.00,0.00,0.00,0.00,0.00,0.00,0.00
Gilmore,2019-10-01-1,0.00,0.00,0.00,84.25,51.50,396.50,0.00
Gilmore,2019-10-01-2,0.00,0.00,0.00,27.27,0.00,195.00,0.25
Ontario Street,2019-09-01-1,0.00,0.00,73.00,413.00,348.28,778.59,0.25
Ontario Street,2019-09-01-2,0.00,0.00,47.00,150.00,245.00,560.74,0.00
Ontario Street,2019-09-02-1,0.00,0.00,50.00,93.50,232.76,754.11,0.25
Ontario Street,2019-09-02-2,0.00,0.00,0.00,138.00,167.01,508.24,0.00
Ontario Street,2019-09-03-1,0.00,0.00,55.50,598.72,695.14,1428.94,0.25
Ontario Street,2019-09-03-2,0.00,0.00,143.23,271.73,568.26,627.00,0.25
Ontario Street,2019-09-04-1,0.00,0.00,0.00,862.03,375.54,990.24,0.25
Ontario Street,2019-09-04-2,0.00,0.00,73.00,228.01,250.17,1071.49,0.25
Ontario Street,2019-09-05-1,49.00,0.00,0.00,376.80,915.69,858.22,0.25
Ontario Street,2019-09-05-2,0.00,0.00,103.04,518.43,444.18,852.85,0.25
Ontario Street,2019-09-06-1,35.00,0.00,187.01,325.52,841.86,1849.24,0.00
Ontario Street,2019-09-06-2,0.00,0.00,0.00,150.99,157.00,835.60,0.25
Ontario Street,2019-09-07-1,0.00,0.00,53.24,431.44,478.82,828.49,0.25
Ontario Street,2019-09-07-2,0.00,0.00,55.00,288.26,66.00,908.01,0.00
Ontario Street,2019-09-08-1,0.00,0.00,0.00,494.01,366.90,1485.08,0.25
Ontario Street,2019-09-08-2,48.00,0.00,0.00,183.03,512.03,975.95,0.00
Ontario Street,2019-09-09-1,0.00,0.00,50.44,429.51,444.26,1079.68,0.25
Ontario Street,2019-09-10-1,0.00,0.00,229.00,171.53,160.00,1020.54,0.00
Ontario Street,2019-09-10-2,0.00,0.00,98.50,433.79,759.86,1698.42,0.25
Ontario Street,2019-09-10-3,0.00,0.00,286.24,423.80,447.90,871.46,0.61
Ontario Street,2019-09-11-1,44.50,0.00,194.41,587.36,503.74,902.60,0.25
Ontario Street,2019-09-11-2,0.00,0.00,143.53,237.23,433.77,800.12,0.25
Ontario Street,2019-09-12-1,43.09,0.00,225.71,395.45,814.84,888.27,0.25
Ontario Street,2019-09-12-2,0.00,0.00,35.19,315.99,310.25,1064.48,0.25
Ontario Street,2019-09-13-1,49.00,0.00,185.50,761.00,553.51,1593.18,0.25
Ontario Street,2019-09-13-2,0.00,0.00,37.44,105.27,143.23,606.77,0.25
Ontario Street,2019-09-14-1,0.00,0.00,0.00,250.02,437.80,1183.98,0.25
Ontario Street,2019-09-14-2,0.00,0.00,37.00,250.02,355.90,938.99,0.00
Ontario Street,2019-09-15-1,24.00,0.00,117.00,310.76,468.91,872.08,0.25
Ontario Street,2019-09-15-2,0.00,0.00,40.00,107.00,370.00,771.25,0.00
Ontario Street,2019-09-16-1,0.00,0.00,264.22,0.00,1792.98,1448.32,0.25
Ontario Street,2019-09-16-2,68.00,0.00,0.00,516.41,198.01,939.99,0.00
Ontario Street,2019-09-17-1,0.00,0.00,0.00,814.81,851.15,1581.33,0.25
Ontario Street,2019-09-17-2,0.00,0.00,141.08,438.02,629.20,1511.54,0.25
Ontario Street,2019-09-18-1,0.00,0.00,61.00,311.00,320.00,913.50,0.25
Ontario Street,2019-09-18-2,0.00,0.00,0.00,306.76,466.43,850.26,0.25
Ontario Street,2019-09-19-1,0.00,0.00,267.49,373.22,431.67,1052.06,0.25
Ontario Street,2019-09-19-2,73.00,0.00,50.00,194.76,643.25,876.27,0.25
Ontario Street,2019-09-20-1,0.00,0.00,141.01,458.65,525.37,1845.08,0.00
Ontario Street,2019-09-20-2,97.50,0.00,0.00,227.01,316.99,476.52,0.25
Ontario Street,2019-09-21-1,0.00,0.00,50.00,448.27,304.55,903.81,0.25
Ontario Street,2019-09-21-2,0.00,0.00,0.00,145.00,181.00,459.00,0.00
Ontario Street,2019-09-22-1,0.00,0.00,106.14,167.40,474.50,736.22,0.25
Ontario Street,2019-09-22-2,0.00,0.00,0.00,134.02,277.99,568.24,0.25
Ontario Street,2019-09-23-1,69.01,0.00,72.05,424.17,620.28,1181.56,0.25
Ontario Street,2019-09-23-2,0.00,0.00,179.20,210.29,348.03,937.44,0.25
Ontario Street,2019-09-24-1,0.00,0.00,104.00,403.81,747.92,1518.40,0.25
Ontario Street,2019-09-24-2,66.50,0.00,80.00,190.50,183.70,830.52,0.25
Ontario Street,2019-09-25-1,0.00,0.00,147.38,601.29,534.63,982.64,0.25
Ontario Street,2019-09-25-2,0.00,0.00,184.50,454.00,548.01,835.45,0.00
Ontario Street,2019-09-26-1,0.00,0.00,21.00,579.41,571.00,1318.62,0.25
Ontario Street,2019-09-26-2,0.00,0.00,60.04,397.02,637.12,1216.11,0.25
Ontario Street,2019-09-27-1,176.68,0.00,167.00,550.50,450.01,1569.75,0.00
Ontario Street,2019-09-27-2,74.00,0.00,227.50,305.01,226.50,1180.65,0.25
Ontario Street,2019-09-28-1,0.00,0.00,53.42,288.88,206.02,789.52,0.38
Ontario Street,2019-09-28-2,0.00,0.00,0.00,183.00,217.05,764.77,0.25
Ontario Street,2019-09-29-1,0.00,0.00,86.01,229.41,570.15,1291.51,0.25
Ontario Street,2019-09-29-2,0.00,0.00,0.00,98.99,312.49,1006.51,0.00
Ontario Street,2019-09-30-1,0.00,0.00,50.00,585.26,614.33,1449.15,0.25
Ontario Street,2019-09-30-2,36.49,0.00,51.00,409.02,545.07,901.57,0.00
Ontario Street,2019-10-01-1,63.25,0.00,43.00,343.38,556.53,1579.25,0.25
Ontario Street,2019-10-01-2,0.00,0.00,50.00,326.65,583.80,1130.62,0.00
Stanley,2019-09-01-1,0.00,0.00,0.00,154.26,205.87,725.33,0.25
Stanley,2019-09-01-2,72.04,0.00,468.58,83.50,265.03,609.03,0.00
Stanley,2019-09-02-1,66.00,0.00,30.57,210.92,292.94,714.96,0.00
Stanley,2019-09-02-2,0.00,0.00,421.00,42.00,330.48,939.75,0.00
Stanley,2019-09-03-1,0.00,0.00,699.26,287.25,614.64,765.37,0.25
Stanley,2019-09-03-2,0.00,0.00,362.30,298.25,203.25,879.75,0.25
Stanley,2019-09-04-1,65.00,0.00,553.47,60.00,257.27,1286.30,0.00
Stanley,2019-09-04-2,0.00,0.00,516.81,237.00,393.02,1136.63,0.25
Stanley,2019-09-05-1,30.00,0.00,448.77,343.50,517.50,1307.33,0.00
Stanley,2019-09-05-2,0.00,0.00,348.85,164.50,443.06,1081.10,0.25
Stanley,2019-09-06-1,0.00,0.00,393.72,354.75,508.80,1370.01,0.00
Stanley,2019-09-06-2,38.00,0.00,491.87,199.13,195.01,1580.19,0.25
Stanley,2019-09-07-1,38.01,0.00,173.00,400.51,336.75,925.51,0.00
Stanley,2019-09-07-2,0.00,0.00,343.72,207.00,245.27,686.52,0.00
Stanley,2019-09-08-1,0.00,0.00,86.26,177.83,222.90,1039.50,0.25
Stanley,2019-09-08-2,0.00,0.00,429.04,217.01,185.03,716.40,0.25
Stanley,2019-09-09-1,0.00,0.00,574.97,296.02,383.02,1115.41,0.25
Stanley,2019-09-09-2,0.00,0.00,613.50,168.80,298.50,1040.50,0.00
Stanley,2019-09-10-1,28.75,0.00,327.76,317.51,221.75,1430.72,0.25
Stanley,2019-09-10-2,0.00,0.00,264.45,326.00,474.00,1386.00,0.25
Stanley,2019-09-11-1,0.00,0.00,779.54,303.90,456.75,637.76,0.00
Stanley,2019-09-11-2,0.00,0.00,574.09,288.10,147.50,851.52,0.25
Stanley,2019-09-12-1,0.00,0.00,906.95,285.00,223.00,1259.83,0.25
Stanley,2019-09-12-2,40.00,0.00,199.52,426.52,303.78,1237.20,0.00
Stanley,2019-09-13-1,0.00,0.00,520.00,522.00,482.00,1287.03,0.00
Stanley,2019-09-13-2,0.00,0.00,449.40,330.03,242.25,656.51,0.25
Stanley,2019-09-14-1,0.00,0.00,63.00,170.50,382.55,1066.06,0.00
Stanley,2019-09-14-2,0.00,0.00,383.52,323.55,395.89,1352.28,0.00
Stanley,2019-09-15-1,0.00,38.88,84.76,269.04,245.84,942.29,0.25
Stanley,2019-09-15-2,190.99,0.00,360.98,70.05,499.12,903.20,0.25
Stanley,2019-09-16-1,45.85,0.00,738.36,304.86,456.08,883.36,0.25
Stanley,2019-09-16-2,129.20,0.00,427.00,252.25,407.75,808.19,0.25
Stanley,2019-09-17-1,15.00,0.00,846.80,503.17,100.50,1205.58,0.00
Stanley,2019-09-17-2,0.00,0.00,193.00,115.00,574.00,1111.75,0.00
Stanley,2019-09-18-1,0.00,0.00,767.82,378.75,300.25,528.75,0.00
Stanley,2019-09-18-2,0.00,0.00,634.55,190.01,291.57,798.29,0.00
Stanley,2019-09-19-1,0.00,0.00,678.00,123.10,208.00,1389.66,0.25
Stanley,2019-09-19-2,46.00,0.00,441.49,151.01,503.95,1126.06,0.00
Stanley,2019-09-20-1,25.00,0.00,682.01,72.00,266.24,1439.94,0.25
Stanley,2019-09-20-2,0.00,0.00,372.01,334.50,230.75,1211.82,0.25
Stanley,2019-09-21-1,0.00,0.00,313.43,397.75,513.25,1408.26,0.00
Stanley,2019-09-21-2,100.00,0.00,289.25,274.53,365.34,1485.74,0.00
Stanley,2019-09-22-1,0.00,0.00,113.45,259.39,255.29,1015.22,0.25
Stanley,2019-09-22-2,113.00,0.00,251.62,158.75,436.01,1054.05,0.25
Stanley,2019-09-23-1,0.00,0.00,217.04,256.80,351.27,874.59,0.25
Stanley,2019-09-23-2,0.00,0.00,580.50,167.00,55.00,1242.65,0.00
Stanley,2019-09-24-1,0.00,0.00,650.27,162.01,453.75,1104.63,0.25
Stanley,2019-09-24-2,0.00,0.00,519.00,250.00,351.27,1293.00,0.00
Stanley,2019-09-25-1,40.00,0.00,732.30,233.24,372.26,774.26,0.00
Stanley,2019-09-25-2,48.02,0.00,250.59,285.50,206.80,1196.85,0.25
Stanley,2019-09-26-1,20.00,0.00,944.07,195.32,228.50,1443.76,0.00
Stanley,2019-09-26-2,0.00,0.00,357.92,198.06,277.30,944.63,0.00
Stanley,2019-09-27-1,0.00,0.00,568.87,412.00,291.00,1894.74,0.25
Stanley,2019-09-27-2,0.00,0.00,283.53,220.00,437.04,1072.04,0.00
Stanley,2019-09-28-1,0.00,0.00,198.36,147.27,149.81,1021.76,0.00
Stanley,2019-09-28-2,0.00,0.00,493.53,247.00,317.93,1088.34,0.25
Stanley,2019-09-29-1,0.00,0.00,298.07,227.08,99.09,1275.32,0.00
Stanley,2019-09-29-2,54.09,0.00,126.02,161.01,275.00,1522.01,0.25
Stanley,2019-09-30-1,95.09,0.00,600.24,392.10,312.01,1359.22,0.00
Stanley,2019-09-30-2,0.00,0.00,548.60,380.00,219.00,905.25,0.25
Stanley,2019-10-01-1,20.00,0.00,629.15,454.00,225.00,1213.20,0.00
Stanley,2019-10-01-2,0.00,0.00,494.00,170.00,378.00,758.50,0.00
Virgil,2019-09-01-1,340.79,0.00,718.76,2798.35,4905.39,3907.35,14.40
Virgil,2019-09-02-1,305.94,0.00,473.13,1964.60,2595.98,2405.10,0.00
Virgil,2019-09-02-2,43.17,0.00,524.41,1192.47,2346.01,2530.16,0.00
Virgil,2019-09-03-1,178.67,0.00,1408.40,1701.16,3246.60,2792.46,0.00
Virgil,2019-09-03-2,157.70,0.00,806.91,966.03,1621.81,2340.40,0.00
Virgil,2019-09-04-1,61.37,0.00,1942.19,1833.00,2501.61,2951.34,0.00
Virgil,2019-09-04-2,25.00,0.00,860.46,969.75,1666.64,1301.08,-10.00
Virgil,2019-09-04-3,20.01,0.00,191.76,285.02,473.01,659.89,0.00
Virgil,2019-09-05-1,202.63,0.00,2335.62,2106.83,2769.02,2332.26,-12.00
Virgil,2019-09-05-2,183.72,0.00,624.63,1203.13,2726.84,3129.75,0.00
Virgil,2019-09-06-1,145.19,0.00,2118.47,1831.58,3018.64,2657.86,0.00
Virgil,2019-09-06-2,178.02,0.00,1220.21,1313.52,1969.24,2612.19,0.00
Virgil,2019-09-07-1,95.00,0.00,680.74,1598.18,3011.53,2430.05,0.00
Virgil,2019-09-07-2,452.57,0.00,363.44,1338.78,2729.95,2867.46,1.00
Virgil,2019-09-08-1,129.69,0.00,544.74,1711.74,2705.34,3273.52,0.00
Virgil,2019-09-08-2,47.00,0.00,311.12,1135.46,1796.08,2908.75,0.00
Virgil,2019-09-09-1,124.50,0.00,1488.90,2112.85,3547.65,3070.67,0.00
Virgil,2019-09-09-2,325.79,0.00,753.10,1779.87,1706.44,2288.40,0.00
Virgil,2019-09-10-1,472.94,0.00,1853.60,1230.76,2189.66,2754.54,0.00
Virgil,2019-09-10-2,184.90,0.00,1035.18,2226.87,2678.93,2912.99,0.00
Virgil,2019-09-11-1,388.91,0.00,1668.53,2168.88,3741.32,2532.47,0.00
Virgil,2019-09-11-2,178.98,0.00,199.92,1599.04,1994.39,2831.77,0.00
Virgil,2019-09-12-1,205.16,0.00,1623.63,1539.19,4022.12,3208.11,1.00
Virgil,2019-09-12-2,113.34,0.00,1519.23,1540.61,2468.12,3101.30,0.00
Virgil,2019-09-13-1,223.16,0.00,2063.17,2148.81,4525.91,2999.59,-2.00
Virgil,2019-09-13-2,73.65,0.00,556.83,1191.92,1903.52,2347.17,0.00
Virgil,2019-09-14-1,82.65,0.00,789.19,1983.32,4205.19,3479.06,0.00
Virgil,2019-09-14-2,334.90,0.00,745.68,1128.69,2228.21,2938.32,0.00
Virgil,2019-09-15-1,377.69,0.00,498.91,1503.66,4105.97,2951.63,0.00
Virgil,2019-09-15-2,76.34,0.00,251.72,1333.83,2658.94,2552.05,0.00
Virgil,2019-09-16-1,221.83,0.00,1384.75,2451.27,3952.21,3214.45,0.00
Virgil,2019-09-16-2,63.50,0.00,1025.65,1783.19,3143.21,2279.67,0.00
Virgil,2019-09-17-1,288.53,0.00,808.21,2195.96,3115.41,2854.76,0.37
Virgil,2019-09-17-2,334.67,0.00,339.84,2515.96,2752.10,3284.31,0.00
Virgil,2019-09-18-1,271.47,0.00,688.06,1990.26,3522.68,2674.62,0.00
Virgil,2019-09-18-2,183.34,0.00,711.12,2306.99,2490.13,3273.89,0.00
Virgil,2019-09-19-1,249.55,0.00,880.68,1495.69,3916.52,3820.12,5.00
Virgil,2019-09-19-2,154.90,0.00,314.70,2203.08,2634.71,3076.47,0.00
Virgil,2019-09-20-1,269.44,0.00,1542.83,2012.89,2802.57,3556.83,0.00
Virgil,2019-09-20-2,194.79,0.00,674.66,1364.68,2123.85,3055.63,0.00
Virgil,2019-09-21-1,279.20,0.00,552.34,1230.41,2934.30,3984.56,0.00
Virgil,2019-09-21-2,359.30,0.00,932.16,1580.97,2881.98,2698.26,0.00
Virgil,2019-09-22-1,335.72,0.00,771.82,2265.44,5087.93,2705.18,0.00
Virgil,2019-09-22-2,249.07,0.00,300.90,1444.16,2087.98,1411.72,15.00
Virgil,2019-09-23-1,545.26,0.00,752.36,1258.84,3060.36,2497.34,0.00
Virgil,2019-09-23-2,169.77,0.00,627.35,1397.63,2021.12,2420.83,0.00
Virgil,2019-09-24-1,930.64,0.00,811.10,2320.66,3555.51,2010.44,0.00
Virgil,2019-09-24-2,264.84,0.00,269.82,1369.30,1669.87,2404.39,0.00
Virgil,2019-09-25-1,309.78,0.00,2308.27,1689.18,2647.93,3312.99,0.00
Virgil,2019-09-25-2,176.01,0.00,728.50,1586.12,2131.94,2629.91,0.00
Virgil,2019-09-26-1,376.13,0.00,1046.07,1482.95,2341.95,2818.02,0.00
Virgil,2019-09-26-2,80.00,0.00,280.90,1454.26,2309.86,2813.23,0.00
Virgil,2019-09-27-1,309.07,0.00,1659.79,1803.16,3491.04,3756.47,0.00
Virgil,2019-09-27-2,366.13,0.00,1073.61,1784.48,2361.51,3725.20,0.00
Virgil,2019-09-28-1,205.92,0.00,934.95,1336.39,3480.02,2598.68,0.00
Virgil,2019-09-28-2,262.97,0.00,333.76,1476.60,2425.78,3058.81,0.00
Virgil,2019-09-29-1,210.39,0.00,240.02,1651.97,4099.65,2752.13,0.00
Virgil,2019-09-29-2,336.45,0.00,115.32,1536.92,1976.17,2002.21,-1.00
Virgil,2019-09-30-1,20.00,0.00,940.36,2137.75,3597.76,2866.40,0.00
Virgil,2019-09-30-2,267.13,0.00,671.26,1144.66,2162.57,2656.68,0.00
Virgil,2019-10-01-1,209.07,0.00,1236.36,1858.65,4386.83,3311.32,0.00
Virgil,2019-10-01-2,368.09,0.00,737.66,1105.92,1419.32,2876.18,0.00
Lundys Lane,2019-09-01-1,42.00,0.00,0.00,281.78,478.00,1287.50,0.00
Lundys Lane,2019-09-01-2,0.00,0.00,274.25,283.02,416.14,595.49,0.00
Lundys Lane,2019-09-02-1,0.00,54.63,387.75,175.00,360.25,1278.29,0.00
Lundys Lane,2019-09-02-2,0.00,0.00,174.12,157.00,267.80,856.37,0.25
Lundys Lane,2019-09-03-1,0.00,0.00,120.00,273.01,270.00,1020.00,0.25
Lundys Lane,2019-09-03-2,0.00,0.00,128.75,164.00,650.61,907.75,0.25
Lundys Lane,2019-09-04-1,0.00,0.00,376.00,433.00,322.00,945.50,0.00
Lundys Lane,2019-09-04-2,0.00,0.00,47.51,50.00,108.00,1041.70,0.00
Lundys Lane,2019-09-05-1,0.00,0.00,200.00,109.00,440.62,1009.00,0.25
Lundys Lane,2019-09-05-2,82.00,0.00,566.06,253.00,298.50,858.67,0.25
Lundys Lane,2019-09-06-1,0.00,0.00,173.00,322.00,162.00,1711.75,0.00
Lundys Lane,2019-09-06-2,0.00,0.00,23.00,125.00,284.26,1407.85,0.00
Lundys Lane,2019-09-07-1,0.00,0.00,87.00,593.00,314.50,849.50,0.25
Lundys Lane,2019-09-07-2,30.00,0.00,0.00,148.06,20.00,653.52,0.00
Lundys Lane,2019-09-08-1,0.00,0.00,113.00,474.19,340.00,853.26,0.00
Lundys Lane,2019-09-08-2,0.00,0.00,49.00,251.00,330.50,653.55,0.00
Lundys Lane,2019-09-09-1,0.00,0.00,282.00,262.00,587.92,1043.89,0.00
Lundys Lane,2019-09-10-1,0.00,0.00,0.00,266.11,176.90,903.50,0.25
Lundys Lane,2019-09-10-2,0.00,33.00,211.00,415.00,345.10,1621.97,0.25
Lundys Lane,2019-09-10-3,0.00,0.00,213.19,205.88,207.06,899.51,0.25
Lundys Lane,2019-09-11-1,62.00,0.00,0.00,412.00,380.00,983.00,0.25
Lundys Lane,2019-09-11-2,20.00,0.00,173.00,298.00,947.32,579.09,0.25
Lundys Lane,2019-09-12-1,30.00,0.00,343.02,526.51,418.81,785.25,0.25
Lundys Lane,2019-09-12-2,46.29,0.00,145.30,329.02,427.75,896.11,0.00
Lundys Lane,2019-09-13-1,0.00,0.00,346.00,406.00,316.50,844.85,0.00
Lundys Lane,2019-09-13-2,106.00,0.00,202.00,318.31,245.79,844.25,0.25
Lundys Lane,2019-09-14-1,0.00,0.00,0.00,294.45,361.00,1325.25,0.00
Lundys Lane,2019-09-14-2,20.00,0.00,206.01,176.01,557.00,1177.30,0.25
Lundys Lane,2019-09-15-1,0.00,41.00,0.00,305.01,297.50,1066.75,0.00
Lundys Lane,2019-09-15-2,0.00,0.00,51.00,556.42,349.00,1086.50,0.25
Lundys Lane,2019-09-16-1,0.00,0.00,576.00,252.00,592.65,1400.52,0.25
Lundys Lane,2019-09-16-2,0.00,0.00,0.00,110.05,350.00,1067.96,0.25
Lundys Lane,2019-09-17-1,0.00,0.00,388.00,436.02,529.00,1410.00,0.00
Lundys Lane,2019-09-17-2,0.00,0.00,48.00,543.02,105.50,750.57,0.25
Lundys Lane,2019-09-18-1,50.00,0.00,453.01,35.00,393.00,1140.38,0.00
Lundys Lane,2019-09-18-2,0.00,0.00,68.00,20.00,30.00,490.25,0.25
Lundys Lane,2019-09-19-1,0.00,0.00,366.00,204.00,278.00,907.19,0.00
Lundys Lane,2019-09-19-2,0.00,0.00,39.00,113.00,426.40,1199.00,0.25
Lundys Lane,2019-09-20-1,0.00,0.00,217.00,326.66,618.63,2573.83,0.00
Lundys Lane,2019-09-20-2,42.18,0.00,63.00,409.63,604.63,2104.76,0.00
Lundys Lane,2019-09-21-1,0.00,0.00,44.00,388.50,560.00,1530.55,0.25
Lundys Lane,2019-09-21-2,123.00,0.00,35.52,366.50,388.55,1293.26,0.00
Lundys Lane,2019-09-22-1,0.00,0.00,78.00,878.01,646.62,1634.86,0.00
Lundys Lane,2019-09-22-2,0.00,0.00,370.00,269.52,670.00,1299.35,0.25
Lundys Lane,2019-09-23-1,0.00,0.00,376.00,266.33,329.01,1198.25,0.00
Lundys Lane,2019-09-23-2,0.00,0.00,132.00,235.75,474.19,1472.00,0.25
Lundys Lane,2019-09-24-1,0.00,0.00,0.00,378.00,501.46,1338.26,0.00
Lundys Lane,2019-09-24-2,40.00,0.00,42.52,118.33,545.75,1202.86,0.00
Lundys Lane,2019-09-25-1,0.00,0.00,515.00,189.00,488.50,974.50,0.25
Lundys Lane,2019-09-25-2,0.00,0.00,69.50,92.56,424.50,814.50,0.25
Lundys Lane,2019-09-26-1,0.00,0.00,265.00,165.00,503.04,1245.50,0.00
Lundys Lane,2019-09-26-2,0.00,0.00,0.00,363.33,222.00,1229.82,0.25
Lundys Lane,2019-09-27-1,0.00,0.00,84.00,422.00,515.50,1373.75,0.25
Lundys Lane,2019-09-27-2,0.00,0.00,0.00,248.15,347.60,1293.81,0.25
Lundys Lane,2019-09-28-1,0.00,0.00,85.00,307.00,220.00,1304.75,0.00
Lundys Lane,2019-09-28-2,0.00,0.00,202.56,173.51,260.69,1159.51,0.00
Lundys Lane,2019-09-29-1,0.00,0.00,51.00,166.50,465.09,729.26,0.00
Lundys Lane,2019-09-29-2,0.00,0.00,83.00,20.00,330.50,1269.50,0.25
Lundys Lane,2019-09-30-1,99.00,0.00,134.00,396.23,516.50,1344.00,0.00
Lundys Lane,2019-09-30-2,0.00,0.00,198.10,383.13,545.00,768.57,0.25
Lundys Lane,2019-10-01-1,0.00,0.00,328.19,169.00,340.00,934.50,0.00
Lundys Lane,2019-10-01-2,0.00,0.00,108.00,20.00,170.00,752.30,0.00
Chippawa Full Serve,2019-09-01-1,40.00,0.00,45.20,242.80,642.35,702.87,0.00
Chippawa Full Serve,2019-09-02-1,69.25,0.00,283.14,120.62,510.31,847.39,0.00
Chippawa Full Serve,2019-09-03-1,0.00,0.00,307.77,87.54,254.16,429.02,0.25
Chippawa Full Serve,2019-09-03-2,34.00,0.00,412.01,189.01,308.60,491.01,0.00
Chippawa Full Serve,2019-09-04-1,0.00,0.00,68.04,97.61,49.01,395.77,0.25
Chippawa Full Serve,2019-09-04-2,0.00,0.00,433.70,125.00,146.01,598.02,0.25
Chippawa Full Serve,2019-09-05-1,0.00,0.00,590.77,0.00,95.86,290.75,0.00
Chippawa Full Serve,2019-09-05-2,31.00,0.00,167.23,182.00,274.00,661.00,0.25
Chippawa Full Serve,2019-09-06-1,0.00,0.00,429.87,282.57,155.75,1500.11,0.00
Chippawa Full Serve,2019-09-07-1,0.00,0.00,72.00,105.43,371.15,983.74,0.25
Chippawa Full Serve,2019-09-08-1,0.00,0.00,193.56,283.48,329.46,476.38,0.00
Chippawa Full Serve,2019-09-09-1,0.00,0.00,812.34,182.49,293.49,813.75,0.00
Chippawa Full Serve,2019-09-10-1,0.00,0.00,230.03,222.01,375.30,879.28,0.00
Chippawa Full Serve,2019-09-11-1,0.00,0.00,399.07,203.00,236.00,930.02,0.25
Chippawa Full Serve,2019-09-12-1,80.10,0.00,278.80,112.45,118.02,471.73,0.00
Chippawa Full Serve,2019-09-12-2,53.00,0.00,167.52,18.00,98.00,604.00,0.00
Chippawa Full Serve,2019-09-13-1,0.00,0.00,708.76,282.37,444.45,1284.95,0.25
Chippawa Full Serve,2019-09-14-1,144.83,0.00,0.00,214.71,298.64,748.26,0.00
Chippawa Full Serve,2019-09-15-1,0.00,0.00,100.00,224.19,468.11,852.87,0.00
Chippawa Full Serve,2019-09-16-1,0.00,0.00,509.22,70.43,536.13,984.88,0.00
Chippawa Full Serve,2019-09-17-1,78.00,0.00,262.01,426.51,430.01,1307.01,0.00
Chippawa Full Serve,2019-09-18-1,31.00,0.00,342.89,255.00,329.91,532.01,0.25
Chippawa Full Serve,2019-09-19-1,0.00,0.00,107.33,144.53,144.54,547.05,0.00
Chippawa Full Serve,2019-09-19-2,0.00,0.00,201.01,153.00,127.00,370.00,0.00
Chippawa Full Serve,2019-09-20-1,0.00,0.00,408.50,407.41,320.49,1439.73,0.25
Chippawa Full Serve,2019-09-21-1,0.00,0.00,328.63,99.07,287.69,818.39,0.00
Chippawa Full Serve,2019-09-22-1,0.00,0.00,130.51,156.10,169.73,1348.73,0.00
Chippawa Full Serve,2019-09-23-1,104.04,0.00,318.63,232.67,207.14,873.95,0.00
Chippawa Full Serve,2019-09-24-1,104.00,0.00,99.00,217.60,417.25,828.53,0.00
Chippawa Full Serve,2019-09-25-1,0.00,0.00,376.39,340.44,149.89,632.61,0.00
Chippawa Full Serve,2019-09-25-2,0.00,0.00,0.00,71.89,175.25,466.50,13.51
Chippawa Full Serve,2019-09-26-1,0.00,0.00,227.38,115.95,172.13,533.68,0.00
Chippawa Full Serve,2019-09-26-2,0.00,0.00,186.00,107.56,210.01,705.00,0.00
Chippawa Full Serve,2019-09-27-1,0.00,0.00,458.02,283.74,219.00,1019.61,0.00
Chippawa Full Serve,2019-09-28-1,0.00,0.00,209.51,84.00,625.27,833.01,0.25
Chippawa Full Serve,2019-09-29-1,0.00,0.00,245.65,323.93,258.39,743.64,0.00
Chippawa Full Serve,2019-09-30-1,0.00,0.00,0.00,68.82,36.95,327.02,0.25
Chippawa Full Serve,2019-10-01-1,0.00,0.00,500.94,25.00,174.05,492.75,0.25
Chippawa Full Serve,2019-10-01-2,0.00,0.00,367.31,50.00,119.00,447.37,0.25
St. Peter Full Serve,2019-09-01-1,0.00,0.00,67.01,207.06,95.01,497.38,0.25
St. Peter Full Serve,2019-09-01-2,0.00,0.00,126.00,135.00,154.35,533.69,0.00
St. Peter Full Serve,2019-09-02-1,45.00,0.00,0.00,234.00,106.08,549.00,0.00
St. Peter Full Serve,2019-09-02-2,0.00,0.00,250.50,120.00,337.75,531.89,0.00
St. Peter Full Serve,2019-09-03-1,0.00,0.00,559.50,135.00,433.00,895.00,0.00
St. Peter Full Serve,2019-09-03-2,0.00,0.00,282.00,256.60,340.00,868.00,0.25
St. Peter Full Serve,2019-09-04-1,0.00,0.00,270.50,114.01,747.06,710.26,0.00
St. Peter Full Serve,2019-09-04-2,0.00,42.01,98.62,298.80,358.09,0.00,0.00
St. Peter Full Serve,2019-09-05-1,57.00,0.00,236.10,246.16,692.21,971.64,0.00
St. Peter Full Serve,2019-09-05-2,90.00,0.00,138.00,174.00,368.00,985.00,0.25
St. Peter Full Serve,2019-09-06-1,0.00,0.00,436.69,440.11,734.92,1075.70,0.25
St. Peter Full Serve,2019-09-06-2,0.00,0.00,416.50,173.00,487.00,688.00,0.25
St. Peter Full Serve,2019-09-07-1,0.00,0.00,362.06,64.10,403.00,965.00,0.25
St. Peter Full Serve,2019-09-07-2,0.00,0.00,230.00,175.30,194.00,767.00,0.25
St. Peter Full Serve,2019-09-08-1,54.00,0.00,43.00,160.00,135.00,658.50,0.25
St. Peter Full Serve,2019-09-08-2,0.00,0.00,0.00,182.02,79.45,937.52,0.25
St. Peter Full Serve,2019-09-09-1,0.00,0.00,389.00,431.00,68.00,582.00,0.25
St. Peter Full Serve,2019-09-09-2,0.00,0.00,121.00,104.70,310.50,808.20,0.00
St. Peter Full Serve,2019-09-10-1,0.00,0.00,350.00,97.00,337.00,934.00,0.25
St. Peter Full Serve,2019-09-10-2,77.00,0.00,515.50,200.00,243.00,870.00,0.00
St. Peter Full Serve,2019-09-11-1,0.00,0.00,397.76,533.52,725.38,743.92,0.00
St. Peter Full Serve,2019-09-11-2,20.00,0.00,287.24,236.85,306.90,1250.44,0.25
St. Peter Full Serve,2019-09-12-1,0.00,0.00,323.66,181.00,481.70,1007.63,0.25
St. Peter Full Serve,2019-09-12-2,0.00,0.00,112.00,192.00,577.00,888.75,0.25
St. Peter Full Serve,2019-09-13-1,60.18,0.00,409.47,226.32,448.37,1015.15,0.25
St. Peter Full Serve,2019-09-13-2,0.00,0.00,239.00,99.00,264.00,1192.00,0.25
St. Peter Full Serve,2019-09-14-1,18.00,0.00,314.00,146.00,441.00,974.50,0.25
St. Peter Full Serve,2019-09-14-2,0.00,0.00,116.00,295.00,411.75,594.00,0.25
St. Peter Full Serve,2019-09-15-1,0.00,0.00,62.00,105.00,114.00,1026.00,0.00
St. Peter Full Serve,2019-09-15-2,0.00,0.00,0.00,411.70,446.15,427.00,0.00
St. Peter Full Serve,2019-09-16-1,106.00,0.00,342.00,319.00,837.50,794.00,0.25
St. Peter Full Serve,2019-09-16-2,0.00,0.00,225.70,207.77,290.14,841.67,0.00
St. Peter Full Serve,2019-09-17-1,0.00,0.00,256.00,305.00,390.50,742.00,0.25
St. Peter Full Serve,2019-09-17-2,0.00,0.00,151.00,131.00,439.00,938.00,0.00
St. Peter Full Serve,2019-09-18-1,45.22,44.00,758.76,130.00,380.26,815.73,0.00
St. Peter Full Serve,2019-09-18-2,0.00,0.00,456.61,120.00,392.66,796.12,0.25
St. Peter Full Serve,2019-09-19-1,98.01,0.00,457.10,211.60,453.43,959.53,0.00
St. Peter Full Serve,2019-09-19-2,31.00,0.00,77.01,327.00,359.00,1163.86,0.25
St. Peter Full Serve,2019-09-20-1,0.00,0.00,161.45,150.04,249.53,1171.99,0.00
St. Peter Full Serve,2019-09-20-2,63.00,0.00,40.00,263.00,321.00,936.00,0.25
St. Peter Full Serve,2019-09-21-1,0.00,0.00,266.00,244.00,130.00,826.00,0.25
St. Peter Full Serve,2019-09-21-2,0.00,0.00,40.00,258.26,321.45,568.75,0.25
St. Peter Full Serve,2019-09-22-1,0.00,0.00,0.00,100.00,389.00,685.00,0.25
St. Peter Full Serve,2019-09-22-2,51.50,0.00,19.50,120.66,150.66,535.93,0.00
St. Peter Full Serve,2019-09-23-1,0.00,0.00,608.50,171.00,710.00,770.00,0.25
St. Peter Full Serve,2019-09-23-2,0.00,0.00,231.00,268.23,453.06,1007.40,0.25
St. Peter Full Serve,2019-09-24-1,0.00,0.00,382.00,221.00,469.00,733.00,0.25
St. Peter Full Serve,2019-09-24-2,0.00,0.00,291.00,227.00,357.00,618.00,0.00
St. Peter Full Serve,2019-09-25-1,30.00,0.00,906.23,899.20,567.87,905.81,0.00
St. Peter Full Serve,2019-09-25-2,56.02,0.00,294.61,59.00,225.11,857.80,0.25
St. Peter Full Serve,2019-09-26-1,0.00,0.00,466.28,212.00,567.65,968.31,0.00
St. Peter Full Serve,2019-09-26-2,0.00,0.00,370.00,88.00,402.00,1218.00,0.25
St. Peter Full Serve,2019-09-27-1,25.00,0.00,340.04,67.51,425.81,1340.25,0.00
St. Peter Full Serve,2019-09-27-2,30.00,0.00,318.00,212.00,389.00,1201.00,0.25
St. Peter Full Serve,2019-09-28-1,0.00,0.00,137.00,165.00,531.00,657.00,0.25
St. Peter Full Serve,2019-09-28-2,0.00,0.00,46.00,305.00,246.00,713.00,0.00
St. Peter Full Serve,2019-09-29-1,0.00,0.00,0.00,114.50,347.00,651.50,0.00
St. Peter Full Serve,2019-09-29-2,0.00,0.00,212.03,119.08,303.17,756.72,0.00
St. Peter Full Serve,2019-09-30-1,0.00,0.00,317.00,598.00,417.50,1037.00,0.25
St. Peter Full Serve,2019-09-30-2,0.00,0.00,300.50,187.51,814.30,1109.14,0.25
St. Peter Full Serve,2019-10-01-1,30.00,0.00,552.25,180.00,279.00,1045.75,0.25
St. Peter Full Serve,2019-10-01-2,30.00,0.00,179.00,165.00,262.00,676.00,0.00
Thorold  Stone Back,2019-09-01-1,0.00,0.00,500.93,208.37,103.76,293.15,0.00
Thorold  Stone Back,2019-09-01-2,0.00,0.00,181.98,214.22,69.23,86.25,0.00
Thorold  Stone Back,2019-09-01-3,0.00,0.00,0.00,0.00,0.00,0.00,0.00
Thorold  Stone Back,2019-09-02-1,0.00,0.00,687.73,34.50,34.50,180.30,0.00
Thorold  Stone Back,2019-09-02-2,17.25,0.00,456.29,51.75,115.54,297.33,0.25
Thorold  Stone Back,2019-09-03-1,0.00,0.00,2533.02,271.97,576.30,352.64,0.00
Thorold  Stone Back,2019-09-03-2,773.15,0.00,1121.81,0.00,381.66,254.39,0.00
Thorold  Stone Back,2019-09-03-3,0.00,0.00,491.10,0.00,17.20,0.00,0.00
Thorold  Stone Back,2019-09-04-1,0.00,0.00,3012.84,330.00,759.19,835.32,0.00
Thorold  Stone Back,2019-09-04-2,0.00,0.00,958.61,125.35,581.12,129.50,0.25
Thorold  Stone Back,2019-09-04-3,0.00,0.00,472.51,0.00,180.02,0.00,0.00
Thorold  Stone Back,2019-09-05-1,560.80,0.00,3808.20,599.03,2018.47,682.29,0.00
Thorold  Stone Back,2019-09-05-2,0.00,0.00,185.02,123.00,17.00,68.25,0.00
Thorold  Stone Back,2019-09-06-1,174.82,0.00,3104.12,179.03,349.21,611.43,0.00
Thorold  Stone Back,2019-09-06-2,0.00,0.00,1155.89,250.19,108.62,464.25,0.25
Thorold  Stone Back,2019-09-06-3,0.00,0.00,0.00,0.00,0.00,0.00,0.00
Thorold  Stone Back,2019-09-07-1,0.00,0.00,456.85,352.58,264.46,463.59,0.00
Thorold  Stone Back,2019-09-07-2,0.00,0.00,90.46,0.00,392.00,239.91,0.00
Thorold  Stone Back,2019-09-07-3,0.00,0.00,196.32,0.00,0.00,0.00,0.00
Thorold  Stone Back,2019-09-08-1,17.25,0.00,570.47,103.61,210.50,314.69,0.00
Thorold  Stone Back,2019-09-08-2,0.00,0.00,1195.83,45.75,65.15,1374.32,0.25
Thorold  Stone Back,2019-09-08-3,0.00,0.00,761.15,0.00,0.00,0.00,0.00
Thorold  Stone Back,2019-09-09-1,0.00,0.00,1836.85,8.00,1322.88,114.50,0.25
Thorold  Stone Back,2019-09-09-2,0.00,0.00,1235.21,863.79,168.72,369.46,0.00
Thorold  Stone Back,2019-09-09-3,0.00,0.00,1306.61,0.00,0.00,99.96,0.00
Thorold  Stone Back,2019-09-10-1,128.22,0.00,3242.93,154.82,633.64,117.25,0.00
Thorold  Stone Back,2019-09-10-2,873.37,0.00,1045.62,168.01,575.30,103.50,0.00
Thorold  Stone Back,2019-09-10-3,0.00,0.00,329.63,21.81,80.00,0.00,0.00
Thorold  Stone Back,2019-09-11-1,0.00,0.00,1527.61,129.75,160.31,516.47,0.00
Thorold  Stone Back,2019-09-11-2,0.00,0.00,852.82,17.25,350.06,155.00,0.25
Thorold  Stone Back,2019-09-11-3,0.00,0.00,596.26,0.00,0.00,0.00,0.25
Thorold  Stone Back,2019-09-12-1,0.00,0.00,3192.69,234.67,441.94,345.93,15.00
Thorold  Stone Back,2019-09-12-2,0.00,0.00,651.00,0.00,213.55,17.00,0.00
Thorold  Stone Back,2019-09-13-1,34.50,0.00,3699.71,60.89,521.06,454.35,0.00
Thorold  Stone Back,2019-09-13-2,34.50,0.00,1249.91,348.26,74.25,351.41,15.25
Thorold  Stone Back,2019-09-13-3,0.00,0.00,46.24,0.00,144.27,91.18,0.00
Thorold  Stone Back,2019-09-14-1,0.00,0.00,85.75,405.25,212.28,420.18,0.00
Thorold  Stone Back,2019-09-14-2,0.00,0.00,490.71,120.00,332.08,267.00,0.00
Thorold  Stone Back,2019-09-14-3,0.00,0.00,59.43,17.25,0.00,0.00,0.25
Thorold  Stone Back,2019-09-15-1,0.00,0.00,253.00,161.67,181.94,296.19,0.25
Thorold  Stone Back,2019-09-15-2,0.00,0.00,111.33,767.47,149.44,218.19,0.25
Thorold  Stone Back,2019-09-15-3,0.00,0.00,715.00,0.00,36.39,17.25,0.00
Thorold  Stone Back,2019-09-16-1,0.00,0.00,3419.18,728.22,834.44,316.99,58.40
Thorold  Stone Back,2019-09-16-2,0.00,0.00,915.78,731.31,679.07,152.55,0.00
Thorold  Stone Back,2019-09-16-3,0.00,0.00,463.05,0.00,835.00,0.00,0.00
Thorold  Stone Back,2019-09-17-1,0.00,0.00,2113.74,100.17,805.23,968.22,0.00
Thorold  Stone Back,2019-09-17-2,780.45,0.00,1553.42,101.25,379.52,223.04,0.25
Thorold  Stone Back,2019-09-17-3,0.00,0.00,266.89,0.00,0.00,0.00,0.25
Thorold  Stone Back,2019-09-18-1,0.00,0.00,2794.35,214.25,548.51,178.75,0.00
Thorold  Stone Back,2019-09-18-2,102.46,0.00,1398.16,475.72,950.05,137.25,0.25
Thorold  Stone Back,2019-09-18-3,0.00,0.00,1290.34,36.00,0.00,35.00,0.00
Thorold  Stone Back,2019-09-19-1,248.66,0.00,4415.09,178.54,438.64,265.50,0.00
Thorold  Stone Back,2019-09-19-2,479.93,0.00,1256.56,420.44,59.72,463.30,0.25
Thorold  Stone Back,2019-09-19-3,0.00,0.00,1178.27,0.00,0.00,55.00,0.00
Thorold  Stone Back,2019-09-20-1,0.00,0.00,2811.24,120.89,1386.74,87.68,0.00
Thorold  Stone Back,2019-09-20-2,26.25,0.00,1422.02,583.79,115.00,340.56,0.00
Thorold  Stone Back,2019-09-20-3,0.00,0.00,141.69,32.35,0.00,0.00,0.00
Thorold  Stone Back,2019-09-21-1,517.99,0.00,307.70,51.15,268.18,333.14,0.00
Thorold  Stone Back,2019-09-21-2,189.98,0.00,272.25,102.00,118.35,345.45,0.00
Thorold  Stone Back,2019-09-21-3,0.00,0.00,37.57,0.00,0.00,45.33,0.00
Thorold  Stone Back,2019-09-22-1,0.00,0.00,82.68,107.79,34.50,217.50,0.00
Thorold  Stone Back,2019-09-22-2,0.00,0.00,131.08,0.00,52.25,145.04,0.00
Thorold  Stone Back,2019-09-22-3,0.00,0.00,792.00,0.00,0.00,0.00,0.00
Thorold  Stone Back,2019-09-23-1,42.91,0.00,3114.00,271.24,518.53,541.75,0.00
Thorold  Stone Back,2019-09-23-2,807.50,0.00,1265.17,51.75,410.00,129.50,0.00
Thorold  Stone Back,2019-09-23-3,0.00,0.00,491.94,0.00,147.44,0.00,0.00
Thorold  Stone Back,2019-09-24-1,21.76,0.00,3060.50,61.00,308.53,502.46,0.00
Thorold  Stone Back,2019-09-24-2,0.00,0.00,1799.78,767.03,105.50,1056.78,0.00
Thorold  Stone Back,2019-09-24-3,0.00,0.00,320.65,0.00,123.43,0.00,0.00
Thorold  Stone Back,2019-09-25-1,0.00,0.00,3487.50,571.75,329.91,236.05,0.00
Thorold  Stone Back,2019-09-25-2,0.00,0.00,1281.31,43.25,101.30,86.25,0.25
Thorold  Stone Back,2019-09-25-3,0.00,0.00,634.87,0.00,0.00,0.00,0.00
Thorold  Stone Back,2019-09-26-1,0.00,0.00,1808.82,444.00,733.90,351.93,0.00
Thorold  Stone Back,2019-09-26-2,0.00,0.00,1234.05,41.25,510.85,164.03,0.00
Thorold  Stone Back,2019-09-26-3,0.00,0.00,498.56,0.00,0.00,0.00,0.00
Thorold  Stone Back,2019-09-27-1,377.02,0.00,3416.54,565.67,348.01,506.28,0.25
Thorold  Stone Back,2019-09-27-2,0.00,0.00,1732.86,46.87,66.86,530.32,0.00
Thorold  Stone Back,2019-09-27-3,0.00,0.00,179.84,25.76,0.00,0.00,0.00
Thorold  Stone Back,2019-09-28-1,0.00,0.00,516.50,174.51,134.50,188.55,0.00
Thorold  Stone Back,2019-09-28-2,0.00,0.00,148.68,45.06,225.49,200.00,0.00
Thorold  Stone Back,2019-09-28-3,0.00,0.00,193.37,0.00,0.00,0.00,0.00
Thorold  Stone Back,2019-09-29-1,0.00,0.00,140.52,0.00,59.18,985.44,0.00
Thorold  Stone Back,2019-09-29-2,30.54,0.00,0.00,17.25,73.20,319.23,0.00
Thorold  Stone Back,2019-09-29-3,0.00,0.00,645.44,0.00,50.15,26.00,0.25
Thorold  Stone Back,2019-09-30-1,19.10,0.00,4577.58,117.46,745.58,1400.76,0.00
Thorold  Stone Back,2019-09-30-2,1573.86,0.00,2724.26,1378.37,808.62,324.07,0.25
Thorold  Stone Back,2019-10-01-1,0.00,0.00,2491.58,394.71,935.87,596.95,0.00
Thorold  Stone Back,2019-10-01-2,0.00,0.00,635.28,48.14,94.01,103.50,0.25
Thorold  Stone Back,2019-10-01-3,0.00,0.00,313.65,0.00,72.03,34.20,0.25
St. Peter Store,2019-09-01-1,20.00,0.00,0.00,487.44,738.70,1633.84,0.00
St. Peter Store,2019-09-01-2,55.51,0.00,46.59,211.35,699.75,1037.82,0.00
St. Peter Store,2019-09-02-1,105.55,0.00,40.01,447.27,603.19,1445.30,0.00
St. Peter Store,2019-09-02-2,37.00,0.00,87.37,394.90,662.39,951.13,2.00
St. Peter Store,2019-09-03-1,50.00,0.00,271.15,237.55,707.37,1232.40,0.00
St. Peter Store,2019-09-03-2,0.00,0.00,312.38,229.56,925.58,1751.59,0.00
St. Peter Store,2019-09-04-1,54.60,0.00,318.83,539.59,448.66,1231.99,0.00
St. Peter Store,2019-09-04-2,70.06,0.00,0.00,329.00,630.38,1448.95,0.00
St. Peter Store,2019-09-05-1,77.18,0.00,376.39,226.47,582.18,1811.82,0.00
St. Peter Store,2019-09-05-2,40.00,0.00,392.55,159.86,1027.33,1829.45,-1.00
St. Peter Store,2019-09-06-1,50.00,0.00,129.57,599.55,812.52,2881.84,0.00
St. Peter Store,2019-09-06-2,169.05,0.00,105.00,573.63,777.08,1906.63,0.00
St. Peter Store,2019-09-07-1,184.61,0.00,100.01,395.17,573.35,2027.15,0.00
St. Peter Store,2019-09-07-2,20.00,0.00,144.45,477.84,499.00,1286.89,0.00
St. Peter Store,2019-09-08-1,0.00,0.00,197.05,352.40,565.14,1794.81,0.00
St. Peter Store,2019-09-08-2,0.00,0.00,40.51,218.88,457.04,1786.29,0.00
St. Peter Store,2019-09-09-1,0.00,0.00,358.14,294.65,703.03,1796.02,0.00
St. Peter Store,2019-09-09-2,45.22,0.00,380.53,212.44,771.81,1447.93,0.00
St. Peter Store,2019-09-10-1,0.00,0.00,296.28,362.52,887.47,1321.14,0.00
St. Peter Store,2019-09-10-2,0.00,0.00,164.32,604.44,805.36,2297.27,5.00
St. Peter Store,2019-09-11-1,30.00,0.00,227.49,246.08,577.56,1453.11,0.00
St. Peter Store,2019-09-11-2,155.88,0.00,139.00,427.77,466.61,1615.10,0.00
St. Peter Store,2019-09-12-1,0.00,0.00,593.13,382.28,660.20,1434.11,0.00
St. Peter Store,2019-09-12-2,0.00,0.00,135.61,266.13,736.82,1325.90,0.00
St. Peter Store,2019-09-13-1,158.15,0.00,204.50,252.16,677.07,2099.22,0.00
St. Peter Store,2019-09-13-2,0.00,0.00,31.01,458.43,1139.67,1897.20,0.00
St. Peter Store,2019-09-14-1,0.00,0.00,123.03,541.34,541.34,2238.38,0.00
St. Peter Store,2019-09-14-2,0.00,0.00,0.00,198.59,219.27,1303.80,0.00
St. Peter Store,2019-09-15-1,113.98,0.00,122.60,503.95,547.71,1640.59,0.00
St. Peter Store,2019-09-15-2,40.00,0.00,117.01,219.51,499.85,1060.44,0.00
St. Peter Store,2019-09-16-1,0.00,0.00,371.08,674.56,796.95,1411.20,0.00
St. Peter Store,2019-09-16-2,32.00,0.00,330.70,300.80,642.23,1949.64,0.00
St. Peter Store,2019-09-17-1,36.51,0.00,659.21,315.76,1076.30,2083.52,0.00
St. Peter Store,2019-09-17-2,0.00,0.00,129.60,495.25,708.58,1839.86,0.40
St. Peter Store,2019-09-18-1,161.00,0.00,265.60,292.64,375.90,1412.32,0.00
St. Peter Store,2019-09-18-2,0.00,0.00,23.29,232.60,730.77,1527.17,-7.00
St. Peter Store,2019-09-19-1,62.00,0.00,268.79,363.23,750.04,1658.19,0.00
St. Peter Store,2019-09-19-2,43.21,0.00,300.51,296.67,507.37,1549.66,0.00
St. Peter Store,2019-09-20-1,70.96,0.00,146.00,702.61,662.97,2249.28,0.00
St. Peter Store,2019-09-20-2,101.26,0.00,168.00,517.20,580.71,1556.92,0.00
St. Peter Store,2019-09-21-1,34.02,0.00,184.03,503.45,824.31,1953.56,0.00
St. Peter Store,2019-09-21-2,98.32,0.00,0.00,474.07,642.83,1100.15,0.00
St. Peter Store,2019-09-22-1,227.88,0.00,39.36,432.38,615.19,1958.60,0.00
St. Peter Store,2019-09-22-2,45.50,0.00,0.00,282.14,472.01,1633.47,0.00
St. Peter Store,2019-09-23-1,0.00,0.00,515.99,259.77,484.48,942.46,0.00
St. Peter Store,2019-09-23-2,0.00,0.00,59.21,282.69,619.88,1111.56,0.00
St. Peter Store,2019-09-24-1,100.73,0.00,283.15,313.61,829.53,1286.19,1.73
St. Peter Store,2019-09-24-2,97.32,0.00,20.50,213.60,551.45,1445.05,0.00
St. Peter Store,2019-09-25-1,112.12,0.00,153.08,480.30,992.13,1682.18,0.00
St. Peter Store,2019-09-25-2,0.00,0.00,169.04,649.80,945.86,1995.86,0.00
St. Peter Store,2019-09-26-1,43.00,0.00,349.96,367.26,570.10,2062.86,0.00
St. Peter Store,2019-09-26-2,107.19,0.00,296.47,516.50,718.68,2211.10,0.00
St. Peter Store,2019-09-27-1,0.00,0.00,312.11,330.82,973.46,2560.14,0.00
St. Peter Store,2019-09-27-2,43.01,0.00,140.01,654.05,667.02,1852.10,0.00
St. Peter Store,2019-09-28-1,114.81,0.00,201.71,400.01,546.46,1739.12,0.00
St. Peter Store,2019-09-28-2,0.00,0.00,20.00,472.46,416.60,1597.24,0.00
St. Peter Store,2019-09-29-1,70.12,0.00,0.00,191.75,382.45,1488.89,0.00
St. Peter Store,2019-09-29-2,0.00,0.00,115.50,334.02,478.10,1796.92,1.00
St. Peter Store,2019-09-30-1,0.00,0.00,347.96,938.72,807.23,1911.83,0.00
St. Peter Store,2019-09-30-2,27.49,0.00,30.00,297.53,543.28,2135.04,0.00
St. Peter Store,2019-10-01-1,40.48,0.00,154.86,401.26,725.25,1640.86,0.00
St. Peter Store,2019-10-01-2,93.82,0.00,167.83,375.51,948.08,1766.45,0.00
Totals,,62943.80,588.22,562609.25,590887.31,948049.38,1933328.12
